rate_date,index_name,index_value
2005-01-05,USDA_BARGE,79.81
2005-01-12,USDA_BARGE,99.08
2005-01-19,USDA_BARGE,110.39
2005-01-26,USDA_BARGE,89.29
2005-02-02,USDA_BARGE,80.42
2005-02-09,USDA_BARGE,71.25
2005-02-16,USDA_BARGE,85.01
2005-02-23,USDA_BARGE,97.85
2005-03-02,USDA_BARGE,112.84
2005-03-09,USDA_BARGE,84.09
2005-03-16,USDA_BARGE,105.19
2005-03-23,USDA_BARGE,76.45
2005-03-30,USDA_BARGE,70.64
2005-04-06,USDA_BARGE,95.71
2005-04-13,USDA_BARGE,73.7
2005-04-20,USDA_BARGE,72.78
2005-04-27,USDA_BARGE,68.19
2005-05-04,USDA_BARGE,74.92
2005-05-11,USDA_BARGE,70.03
2005-05-18,USDA_BARGE,76.45
2005-05-25,USDA_BARGE,81.03
2005-06-01,USDA_BARGE,77.37
2005-06-08,USDA_BARGE,71.25
2005-06-15,USDA_BARGE,67.58
2005-06-22,USDA_BARGE,63.91
2005-06-29,USDA_BARGE,71.86
2005-07-06,USDA_BARGE,75.84
2005-07-13,USDA_BARGE,78.89
2005-07-20,USDA_BARGE,95.1
2005-07-27,USDA_BARGE,84.4
2005-08-03,USDA_BARGE,77.37
2005-08-10,USDA_BARGE,83.48
2005-08-17,USDA_BARGE,96.94
2005-08-24,USDA_BARGE,100.3
2005-08-31,USDA_BARGE,152.9
2005-09-07,USDA_BARGE,171.24
2005-09-14,USDA_BARGE,204.88
2005-09-21,USDA_BARGE,179.5
2005-09-28,USDA_BARGE,193.57
2005-10-05,USDA_BARGE,216.5
2005-10-12,USDA_BARGE,256.87
2005-10-19,USDA_BARGE,199.99
2005-10-26,USDA_BARGE,179.19
2005-11-02,USDA_BARGE,137.61
2005-11-09,USDA_BARGE,109.78
2005-11-16,USDA_BARGE,114.67
2005-11-23,USDA_BARGE,112.23
2005-11-30,USDA_BARGE,111.61
2005-12-07,USDA_BARGE,146.17
2005-12-14,USDA_BARGE,168.8
2005-12-21,USDA_BARGE,155.34
2005-12-28,USDA_BARGE,135.47
2006-01-04,USDA_BARGE,125.07
2006-01-11,USDA_BARGE,115.9
2006-01-18,USDA_BARGE,122.32
2006-01-25,USDA_BARGE,117.12
2006-02-01,USDA_BARGE,126.29
2006-02-08,USDA_BARGE,145.25
2006-02-15,USDA_BARGE,130.57
2006-02-22,USDA_BARGE,114.67
2006-03-01,USDA_BARGE,117.73
2006-03-08,USDA_BARGE,115.59
2006-03-15,USDA_BARGE,103.05
2006-03-22,USDA_BARGE,101.83
2006-03-29,USDA_BARGE,98.47
2006-04-05,USDA_BARGE,105.5
2006-04-12,USDA_BARGE,100.3
2006-04-19,USDA_BARGE,89.9
2006-04-26,USDA_BARGE,88.07
2006-05-03,USDA_BARGE,95.41
2006-05-10,USDA_BARGE,108.86
2006-05-17,USDA_BARGE,120.18
2006-05-24,USDA_BARGE,117.42
2006-05-31,USDA_BARGE,107.33
2006-06-07,USDA_BARGE,114.67
2006-06-14,USDA_BARGE,118.34
2006-06-21,USDA_BARGE,116.81
2006-06-28,USDA_BARGE,127.21
2006-07-05,USDA_BARGE,135.47
2006-07-12,USDA_BARGE,150.76
2006-07-19,USDA_BARGE,160.85
2006-07-26,USDA_BARGE,151.67
2006-08-02,USDA_BARGE,152.28
2006-08-09,USDA_BARGE,174.91
2006-08-16,USDA_BARGE,174.0
2006-08-23,USDA_BARGE,177.05
2006-08-30,USDA_BARGE,174.0
2006-09-06,USDA_BARGE,154.12
2006-09-13,USDA_BARGE,157.18
2006-09-20,USDA_BARGE,165.13
2006-09-27,USDA_BARGE,177.67
2006-10-04,USDA_BARGE,186.53
2006-10-11,USDA_BARGE,171.24
2006-10-18,USDA_BARGE,169.41
2006-10-25,USDA_BARGE,137.61
2006-11-01,USDA_BARGE,161.46
2006-11-08,USDA_BARGE,140.36
2006-11-15,USDA_BARGE,136.08
2006-11-22,USDA_BARGE,141.89
2006-11-29,USDA_BARGE,136.08
2006-12-06,USDA_BARGE,115.28
2006-12-13,USDA_BARGE,116.81
2006-12-20,USDA_BARGE,87.15
2006-12-27,USDA_BARGE,83.79
2007-01-03,USDA_BARGE,81.95
2007-01-10,USDA_BARGE,81.95
2007-01-17,USDA_BARGE,120.18
2007-01-24,USDA_BARGE,87.46
2007-01-31,USDA_BARGE,95.41
2007-02-07,USDA_BARGE,109.47
2007-02-14,USDA_BARGE,113.14
2007-02-21,USDA_BARGE,111.31
2007-02-28,USDA_BARGE,97.85
2007-03-07,USDA_BARGE,87.15
2007-03-14,USDA_BARGE,90.82
2007-03-21,USDA_BARGE,81.95
2007-03-28,USDA_BARGE,74.61
2007-04-04,USDA_BARGE,72.47
2007-04-11,USDA_BARGE,70.64
2007-04-18,USDA_BARGE,68.5
2007-04-25,USDA_BARGE,65.13
2007-05-02,USDA_BARGE,65.44
2007-05-09,USDA_BARGE,63.91
2007-05-16,USDA_BARGE,69.41
2007-05-23,USDA_BARGE,84.09
2007-05-30,USDA_BARGE,99.69
2007-06-06,USDA_BARGE,108.25
2007-06-13,USDA_BARGE,100.91
2007-06-20,USDA_BARGE,105.5
2007-06-27,USDA_BARGE,112.84
2007-07-04,USDA_BARGE,110.09
2007-07-11,USDA_BARGE,108.86
2007-07-18,USDA_BARGE,134.24
2007-07-25,USDA_BARGE,140.05
2007-08-01,USDA_BARGE,120.79
2007-08-08,USDA_BARGE,136.38
2007-08-15,USDA_BARGE,162.38
2007-08-22,USDA_BARGE,176.75
2007-08-29,USDA_BARGE,213.44
2007-09-05,USDA_BARGE,247.69
2007-09-12,USDA_BARGE,210.39
2007-09-19,USDA_BARGE,228.12
2007-09-26,USDA_BARGE,199.68
2007-10-03,USDA_BARGE,205.19
2007-10-10,USDA_BARGE,195.71
2007-10-17,USDA_BARGE,160.85
2007-10-24,USDA_BARGE,162.99
2007-10-31,USDA_BARGE,139.44
2007-11-07,USDA_BARGE,127.82
2007-11-14,USDA_BARGE,133.94
2007-11-21,USDA_BARGE,124.15
2007-11-28,USDA_BARGE,118.34
2007-12-05,USDA_BARGE,118.34
2007-12-12,USDA_BARGE,122.32
2007-12-19,USDA_BARGE,115.28
2007-12-26,USDA_BARGE,112.23
2008-01-02,USDA_BARGE,110.09
2008-01-09,USDA_BARGE,107.33
2008-01-16,USDA_BARGE,99.38
2008-01-23,USDA_BARGE,130.88
2008-01-30,USDA_BARGE,136.38
2008-02-06,USDA_BARGE,152.28
2008-02-13,USDA_BARGE,143.72
2008-02-20,USDA_BARGE,152.9
2008-02-27,USDA_BARGE,161.76
2008-03-05,USDA_BARGE,135.77
2008-03-12,USDA_BARGE,148.31
2008-03-19,USDA_BARGE,131.49
2008-03-26,USDA_BARGE,143.42
2008-04-02,USDA_BARGE,132.71
2008-04-09,USDA_BARGE,127.21
2008-04-16,USDA_BARGE,124.76
2008-04-23,USDA_BARGE,128.74
2008-04-30,USDA_BARGE,118.65
2008-05-07,USDA_BARGE,117.12
2008-05-14,USDA_BARGE,115.28
2008-05-21,USDA_BARGE,116.51
2008-05-28,USDA_BARGE,123.85
2008-06-04,USDA_BARGE,131.8
2008-06-11,USDA_BARGE,161.15
2008-06-18,USDA_BARGE,196.93
2008-06-25,USDA_BARGE,170.63
2008-07-02,USDA_BARGE,184.7
2008-07-09,USDA_BARGE,167.57
2008-07-16,USDA_BARGE,142.5
2008-07-23,USDA_BARGE,138.52
2008-07-30,USDA_BARGE,150.45
2008-08-06,USDA_BARGE,148.31
2008-08-13,USDA_BARGE,140.66
2008-08-20,USDA_BARGE,157.48
2008-08-27,USDA_BARGE,173.08
2008-09-03,USDA_BARGE,181.95
2008-09-10,USDA_BARGE,186.23
2008-09-17,USDA_BARGE,187.14
2008-09-24,USDA_BARGE,182.25
2008-10-01,USDA_BARGE,191.12
2008-10-08,USDA_BARGE,229.34
2008-10-15,USDA_BARGE,201.82
2008-10-22,USDA_BARGE,174.61
2008-10-29,USDA_BARGE,212.22
2008-11-05,USDA_BARGE,321.08
2008-11-12,USDA_BARGE,168.19
2008-11-19,USDA_BARGE,146.47
2008-11-26,USDA_BARGE,120.79
2008-12-03,USDA_BARGE,122.32
2008-12-10,USDA_BARGE,152.9
2008-12-17,USDA_BARGE,143.72
2008-12-24,USDA_BARGE,158.71
2008-12-31,USDA_BARGE,134.85
2009-01-07,USDA_BARGE,113.45
2009-01-14,USDA_BARGE,168.19
2009-01-21,USDA_BARGE,172.16
2009-01-28,USDA_BARGE,171.24
2009-02-04,USDA_BARGE,139.44
2009-02-11,USDA_BARGE,108.86
2009-02-18,USDA_BARGE,94.8
2009-02-25,USDA_BARGE,93.27
2009-03-04,USDA_BARGE,86.23
2009-03-11,USDA_BARGE,81.65
2009-03-18,USDA_BARGE,81.03
2009-03-25,USDA_BARGE,82.87
2009-04-01,USDA_BARGE,76.14
2009-04-08,USDA_BARGE,77.37
2009-04-15,USDA_BARGE,80.42
2009-04-22,USDA_BARGE,79.2
2009-04-29,USDA_BARGE,76.14
2009-05-06,USDA_BARGE,76.14
2009-05-13,USDA_BARGE,83.48
2009-05-20,USDA_BARGE,83.18
2009-05-27,USDA_BARGE,82.87
2009-06-03,USDA_BARGE,80.73
2009-06-10,USDA_BARGE,81.95
2009-06-17,USDA_BARGE,88.68
2009-06-24,USDA_BARGE,84.4
2009-07-01,USDA_BARGE,80.42
2009-07-08,USDA_BARGE,76.14
2009-07-15,USDA_BARGE,82.56
2009-07-22,USDA_BARGE,91.13
2009-07-29,USDA_BARGE,88.07
2009-08-05,USDA_BARGE,84.4
2009-08-12,USDA_BARGE,85.62
2009-08-19,USDA_BARGE,98.47
2009-08-26,USDA_BARGE,103.97
2009-09-02,USDA_BARGE,108.56
2009-09-09,USDA_BARGE,102.75
2009-09-16,USDA_BARGE,102.44
2009-09-23,USDA_BARGE,118.95
2009-09-30,USDA_BARGE,137.0
2009-10-07,USDA_BARGE,142.81
2009-10-14,USDA_BARGE,130.57
2009-10-21,USDA_BARGE,136.69
2009-10-28,USDA_BARGE,138.83
2009-11-04,USDA_BARGE,133.94
2009-11-11,USDA_BARGE,198.77
2009-11-18,USDA_BARGE,130.27
2009-11-25,USDA_BARGE,123.54
2009-12-02,USDA_BARGE,122.32
2009-12-09,USDA_BARGE,119.26
2009-12-16,USDA_BARGE,110.7
2009-12-23,USDA_BARGE,110.09
2009-12-30,USDA_BARGE,110.09
2010-01-06,USDA_BARGE,116.2
2010-01-13,USDA_BARGE,118.04
2010-01-20,USDA_BARGE,119.56
2010-01-27,USDA_BARGE,125.37
2010-02-03,USDA_BARGE,122.32
2010-02-10,USDA_BARGE,109.47
2010-02-17,USDA_BARGE,93.27
2010-02-24,USDA_BARGE,96.94
2010-03-03,USDA_BARGE,105.5
2010-03-10,USDA_BARGE,95.71
2010-03-17,USDA_BARGE,86.54
2010-03-24,USDA_BARGE,84.7
2010-03-31,USDA_BARGE,84.4
2010-04-07,USDA_BARGE,84.09
2010-04-14,USDA_BARGE,84.09
2010-04-21,USDA_BARGE,84.09
2010-04-28,USDA_BARGE,94.18
2010-05-05,USDA_BARGE,103.97
2010-05-12,USDA_BARGE,117.12
2010-05-19,USDA_BARGE,127.52
2010-05-26,USDA_BARGE,103.36
2010-06-02,USDA_BARGE,96.02
2010-06-09,USDA_BARGE,89.9
2010-06-16,USDA_BARGE,91.43
2010-06-23,USDA_BARGE,91.13
2010-06-30,USDA_BARGE,90.51
2010-07-07,USDA_BARGE,99.38
2010-07-14,USDA_BARGE,118.65
2010-07-21,USDA_BARGE,129.96
2010-07-28,USDA_BARGE,118.65
2010-08-04,USDA_BARGE,113.45
2010-08-11,USDA_BARGE,132.41
2010-08-18,USDA_BARGE,133.63
2010-08-25,USDA_BARGE,139.44
2010-09-01,USDA_BARGE,154.73
2010-09-08,USDA_BARGE,151.37
2010-09-15,USDA_BARGE,145.25
2010-09-22,USDA_BARGE,166.66
2010-09-29,USDA_BARGE,170.94
2010-10-06,USDA_BARGE,196.93
2010-10-13,USDA_BARGE,181.64
2010-10-20,USDA_BARGE,169.1
2010-10-27,USDA_BARGE,150.14
2010-11-03,USDA_BARGE,135.77
2010-11-10,USDA_BARGE,140.05
2010-11-17,USDA_BARGE,125.37
2010-11-24,USDA_BARGE,140.66
2010-12-01,USDA_BARGE,142.5
2010-12-08,USDA_BARGE,170.94
2010-12-15,USDA_BARGE,177.67
2010-12-22,USDA_BARGE,158.4
2010-12-29,USDA_BARGE,147.7
2011-01-05,USDA_BARGE,126.29
2011-01-12,USDA_BARGE,137.61
2011-01-19,USDA_BARGE,140.05
2011-01-26,USDA_BARGE,139.44
2011-02-02,USDA_BARGE,168.19
2011-02-09,USDA_BARGE,164.52
2011-02-16,USDA_BARGE,178.58
2011-02-23,USDA_BARGE,164.52
2011-03-02,USDA_BARGE,152.28
2011-03-09,USDA_BARGE,193.57
2011-03-16,USDA_BARGE,170.02
2011-03-23,USDA_BARGE,150.14
2011-03-30,USDA_BARGE,155.04
2011-04-06,USDA_BARGE,144.33
2011-04-13,USDA_BARGE,131.18
2011-04-20,USDA_BARGE,126.29
2011-04-27,USDA_BARGE,122.93
2011-05-04,USDA_BARGE,140.66
2011-05-11,USDA_BARGE,129.96
2011-05-18,USDA_BARGE,129.04
2011-05-25,USDA_BARGE,137.3
2011-06-01,USDA_BARGE,141.58
2011-06-08,USDA_BARGE,136.69
2011-06-15,USDA_BARGE,136.38
2011-06-22,USDA_BARGE,137.61
2011-06-29,USDA_BARGE,136.08
2011-07-06,USDA_BARGE,140.66
2011-07-13,USDA_BARGE,137.3
2011-07-20,USDA_BARGE,131.8
2011-07-27,USDA_BARGE,119.26
2011-08-03,USDA_BARGE,110.7
2011-08-10,USDA_BARGE,115.28
2011-08-17,USDA_BARGE,129.35
2011-08-24,USDA_BARGE,133.02
2011-08-31,USDA_BARGE,140.05
2011-09-07,USDA_BARGE,140.66
2011-09-14,USDA_BARGE,145.25
2011-09-21,USDA_BARGE,158.4
2011-09-28,USDA_BARGE,172.16
2011-10-05,USDA_BARGE,171.86
2011-10-12,USDA_BARGE,160.54
2011-10-19,USDA_BARGE,151.67
2011-10-26,USDA_BARGE,150.76
2011-11-02,USDA_BARGE,148.31
2011-11-09,USDA_BARGE,135.47
2011-11-16,USDA_BARGE,135.47
2011-11-23,USDA_BARGE,129.35
2011-11-30,USDA_BARGE,123.85
2011-12-07,USDA_BARGE,128.43
2011-12-14,USDA_BARGE,116.2
2011-12-21,USDA_BARGE,107.94
2011-12-28,USDA_BARGE,104.58
2012-01-04,USDA_BARGE,104.89
2012-01-11,USDA_BARGE,111.0
2012-01-18,USDA_BARGE,110.7
2012-01-25,USDA_BARGE,117.73
2012-02-01,USDA_BARGE,141.28
2012-02-08,USDA_BARGE,120.79
2012-02-15,USDA_BARGE,129.35
2012-02-22,USDA_BARGE,123.85
2012-02-29,USDA_BARGE,117.12
2012-03-07,USDA_BARGE,106.11
2012-03-14,USDA_BARGE,105.5
2012-03-21,USDA_BARGE,110.7
2012-03-28,USDA_BARGE,107.94
2012-04-04,USDA_BARGE,99.38
2012-04-11,USDA_BARGE,97.85
2012-04-18,USDA_BARGE,100.3
2012-04-25,USDA_BARGE,98.77
2012-05-02,USDA_BARGE,103.05
2012-05-09,USDA_BARGE,107.03
2012-05-16,USDA_BARGE,104.89
2012-05-23,USDA_BARGE,98.77
2012-05-30,USDA_BARGE,100.91
2012-06-06,USDA_BARGE,87.15
2012-06-13,USDA_BARGE,86.85
2012-06-20,USDA_BARGE,84.7
2012-06-27,USDA_BARGE,82.56
2012-07-04,USDA_BARGE,97.85
2012-07-11,USDA_BARGE,107.94
2012-07-18,USDA_BARGE,125.07
2012-07-25,USDA_BARGE,107.03
2012-08-01,USDA_BARGE,108.56
2012-08-08,USDA_BARGE,93.27
2012-08-15,USDA_BARGE,111.61
2012-08-22,USDA_BARGE,100.91
2012-08-29,USDA_BARGE,133.94
2012-09-05,USDA_BARGE,152.9
2012-09-12,USDA_BARGE,168.19
2012-09-19,USDA_BARGE,191.12
2012-09-26,USDA_BARGE,185.92
2012-10-03,USDA_BARGE,193.57
2012-10-10,USDA_BARGE,156.87
2012-10-17,USDA_BARGE,152.9
2012-10-24,USDA_BARGE,179.81
2012-10-31,USDA_BARGE,167.27
2012-11-07,USDA_BARGE,181.95
2012-11-14,USDA_BARGE,162.99
2012-11-21,USDA_BARGE,183.48
2012-11-28,USDA_BARGE,187.45
2012-12-05,USDA_BARGE,175.83
2012-12-12,USDA_BARGE,183.48
2012-12-19,USDA_BARGE,175.83
2012-12-26,USDA_BARGE,172.16
2013-01-02,USDA_BARGE,152.9
2013-01-09,USDA_BARGE,114.06
2013-01-16,USDA_BARGE,106.42
2013-01-23,USDA_BARGE,101.83
2013-01-30,USDA_BARGE,100.91
2013-02-06,USDA_BARGE,98.77
2013-02-13,USDA_BARGE,99.38
2013-02-20,USDA_BARGE,99.38
2013-02-27,USDA_BARGE,99.99
2013-03-06,USDA_BARGE,99.38
2013-03-13,USDA_BARGE,99.38
2013-03-20,USDA_BARGE,93.88
2013-03-27,USDA_BARGE,89.6
2013-04-03,USDA_BARGE,80.42
2013-04-10,USDA_BARGE,87.15
2013-04-17,USDA_BARGE,83.48
2013-04-24,USDA_BARGE,0.0
2013-05-01,USDA_BARGE,0.0
2013-05-08,USDA_BARGE,88.07
2013-05-15,USDA_BARGE,85.01
2013-05-22,USDA_BARGE,83.48
2013-05-29,USDA_BARGE,94.8
2013-06-05,USDA_BARGE,96.32
2013-06-12,USDA_BARGE,89.6
2013-06-19,USDA_BARGE,90.21
2013-06-26,USDA_BARGE,98.77
2013-07-03,USDA_BARGE,93.88
2013-07-10,USDA_BARGE,88.07
2013-07-17,USDA_BARGE,86.23
2013-07-24,USDA_BARGE,81.03
2013-07-31,USDA_BARGE,78.89
2013-08-07,USDA_BARGE,87.15
2013-08-14,USDA_BARGE,107.64
2013-08-21,USDA_BARGE,108.56
2013-08-28,USDA_BARGE,119.87
2013-09-04,USDA_BARGE,129.96
2013-09-11,USDA_BARGE,138.52
2013-09-18,USDA_BARGE,168.19
2013-09-25,USDA_BARGE,170.63
2013-10-02,USDA_BARGE,181.95
2013-10-09,USDA_BARGE,168.19
2013-10-16,USDA_BARGE,191.12
2013-10-23,USDA_BARGE,196.01
2013-10-30,USDA_BARGE,188.98
2013-11-06,USDA_BARGE,178.28
2013-11-13,USDA_BARGE,211.61
2013-11-20,USDA_BARGE,198.77
2013-11-27,USDA_BARGE,162.07
2013-12-04,USDA_BARGE,165.74
2013-12-11,USDA_BARGE,164.52
2013-12-18,USDA_BARGE,176.44
2013-12-25,USDA_BARGE,180.42
2014-01-01,USDA_BARGE,179.5
2014-01-08,USDA_BARGE,173.69
2014-01-15,USDA_BARGE,171.24
2014-01-22,USDA_BARGE,169.71
2014-01-29,USDA_BARGE,180.42
2014-02-05,USDA_BARGE,0.0
2014-02-12,USDA_BARGE,179.5
2014-02-19,USDA_BARGE,183.48
2014-02-26,USDA_BARGE,181.03
2014-03-05,USDA_BARGE,189.59
2014-03-12,USDA_BARGE,191.12
2014-03-19,USDA_BARGE,176.75
2014-03-26,USDA_BARGE,143.42
2014-04-02,USDA_BARGE,127.21
2014-04-09,USDA_BARGE,113.14
2014-04-16,USDA_BARGE,117.42
2014-04-23,USDA_BARGE,115.28
2014-04-30,USDA_BARGE,110.09
2014-05-07,USDA_BARGE,111.61
2014-05-14,USDA_BARGE,108.56
2014-05-21,USDA_BARGE,114.06
2014-05-28,USDA_BARGE,110.09
2014-06-04,USDA_BARGE,107.94
2014-06-11,USDA_BARGE,114.06
2014-06-18,USDA_BARGE,112.23
2014-06-25,USDA_BARGE,112.84
2014-07-02,USDA_BARGE,115.59
2014-07-09,USDA_BARGE,105.5
2014-07-16,USDA_BARGE,123.85
2014-07-23,USDA_BARGE,167.27
2014-07-30,USDA_BARGE,171.24
2014-08-06,USDA_BARGE,143.11
2014-08-13,USDA_BARGE,135.16
2014-08-20,USDA_BARGE,142.81
2014-08-27,USDA_BARGE,143.42
2014-09-03,USDA_BARGE,182.25
2014-09-10,USDA_BARGE,203.96
2014-09-17,USDA_BARGE,193.57
2014-09-24,USDA_BARGE,252.28
2014-10-01,USDA_BARGE,326.28
2014-10-08,USDA_BARGE,272.77
2014-10-15,USDA_BARGE,254.73
2014-10-22,USDA_BARGE,266.96
2014-10-29,USDA_BARGE,267.57
2014-11-05,USDA_BARGE,259.92
2014-11-12,USDA_BARGE,234.54
2014-11-19,USDA_BARGE,204.58
2014-11-26,USDA_BARGE,168.19
2014-12-03,USDA_BARGE,175.83
2014-12-10,USDA_BARGE,153.81
2014-12-17,USDA_BARGE,151.37
2014-12-24,USDA_BARGE,136.69
2014-12-31,USDA_BARGE,119.26
2015-01-07,USDA_BARGE,122.32
2015-01-14,USDA_BARGE,144.33
2015-01-21,USDA_BARGE,152.9
2015-01-28,USDA_BARGE,143.72
2015-02-04,USDA_BARGE,134.55
2015-02-11,USDA_BARGE,125.37
2015-02-18,USDA_BARGE,128.43
2015-02-25,USDA_BARGE,137.61
2015-03-04,USDA_BARGE,120.18
2015-03-11,USDA_BARGE,111.61
2015-03-18,USDA_BARGE,121.4
2015-03-25,USDA_BARGE,133.02
2015-04-01,USDA_BARGE,129.35
2015-04-08,USDA_BARGE,134.55
2015-04-15,USDA_BARGE,142.81
2015-04-22,USDA_BARGE,123.85
2015-04-29,USDA_BARGE,123.85
2015-05-06,USDA_BARGE,120.79
2015-05-13,USDA_BARGE,124.76
2015-05-20,USDA_BARGE,116.2
2015-05-27,USDA_BARGE,112.53
2015-06-03,USDA_BARGE,114.06
2015-06-10,USDA_BARGE,113.14
2015-06-17,USDA_BARGE,120.79
2015-07-08,USDA_BARGE,129.96
2015-07-15,USDA_BARGE,116.81
2015-07-22,USDA_BARGE,114.67
2015-07-29,USDA_BARGE,107.03
2015-08-05,USDA_BARGE,100.3
2015-08-12,USDA_BARGE,103.05
2015-08-19,USDA_BARGE,96.94
2015-08-26,USDA_BARGE,103.97
2015-09-02,USDA_BARGE,122.32
2015-09-09,USDA_BARGE,135.47
2015-09-16,USDA_BARGE,152.9
2015-09-23,USDA_BARGE,184.39
2015-09-30,USDA_BARGE,197.85
2015-10-07,USDA_BARGE,181.03
2015-10-14,USDA_BARGE,152.9
2015-10-21,USDA_BARGE,158.09
2015-10-28,USDA_BARGE,128.43
2015-11-04,USDA_BARGE,110.7
2015-11-11,USDA_BARGE,95.71
2015-11-18,USDA_BARGE,103.97
2015-11-25,USDA_BARGE,84.09
2015-12-02,USDA_BARGE,85.62
2015-12-09,USDA_BARGE,85.62
2015-12-16,USDA_BARGE,88.68
2015-12-23,USDA_BARGE,84.09
2015-12-30,USDA_BARGE,86.54
2016-01-06,USDA_BARGE,91.74
2016-01-13,USDA_BARGE,87.15
2016-01-20,USDA_BARGE,85.62
2016-01-27,USDA_BARGE,93.27
2016-02-03,USDA_BARGE,90.51
2016-02-10,USDA_BARGE,84.7
2016-02-17,USDA_BARGE,78.89
2016-02-24,USDA_BARGE,77.98
2016-03-02,USDA_BARGE,70.33
2016-03-09,USDA_BARGE,68.8
2016-03-16,USDA_BARGE,71.25
2016-03-23,USDA_BARGE,75.84
2016-03-30,USDA_BARGE,85.62
2016-04-06,USDA_BARGE,85.62
2016-04-13,USDA_BARGE,85.01
2016-04-20,USDA_BARGE,88.07
2016-04-27,USDA_BARGE,81.95
2016-05-04,USDA_BARGE,80.42
2016-05-11,USDA_BARGE,79.51
2016-05-18,USDA_BARGE,78.89
2016-05-25,USDA_BARGE,71.86
2016-06-01,USDA_BARGE,74.0
2016-06-08,USDA_BARGE,83.48
2016-06-15,USDA_BARGE,95.71
2016-06-22,USDA_BARGE,123.85
2016-06-29,USDA_BARGE,122.32
2016-07-06,USDA_BARGE,138.52
2016-07-13,USDA_BARGE,118.49
2016-07-20,USDA_BARGE,129.04
2016-07-27,USDA_BARGE,120.79
2016-08-03,USDA_BARGE,120.18
2016-08-10,USDA_BARGE,111.0
2016-08-17,USDA_BARGE,119.26
2016-08-24,USDA_BARGE,119.26
2016-08-31,USDA_BARGE,117.73
2016-09-07,USDA_BARGE,123.85
2016-09-14,USDA_BARGE,132.41
2016-09-21,USDA_BARGE,127.82
2016-09-28,USDA_BARGE,163.6
2016-10-05,USDA_BARGE,133.94
2016-10-12,USDA_BARGE,105.5
2016-10-19,USDA_BARGE,112.53
2016-10-26,USDA_BARGE,156.87
2016-11-02,USDA_BARGE,137.61
2016-11-09,USDA_BARGE,91.74
2016-11-16,USDA_BARGE,78.89
2016-11-23,USDA_BARGE,74.92
2016-11-30,USDA_BARGE,73.39
2016-12-07,USDA_BARGE,71.25
2016-12-14,USDA_BARGE,79.51
2016-12-21,USDA_BARGE,85.01
2016-12-28,USDA_BARGE,83.48
2017-01-04,USDA_BARGE,81.95
2017-01-11,USDA_BARGE,97.85
2017-01-18,USDA_BARGE,105.5
2017-01-25,USDA_BARGE,114.67
2017-02-01,USDA_BARGE,94.18
2017-02-08,USDA_BARGE,105.5
2017-02-15,USDA_BARGE,96.32
2017-02-22,USDA_BARGE,88.68
2017-03-01,USDA_BARGE,94.18
2017-03-08,USDA_BARGE,93.88
2017-03-15,USDA_BARGE,94.8
2017-03-22,USDA_BARGE,81.95
2017-03-29,USDA_BARGE,77.98
2017-04-05,USDA_BARGE,77.98
2017-04-12,USDA_BARGE,74.31
2017-04-19,USDA_BARGE,74.92
2017-04-26,USDA_BARGE,72.78
2017-05-03,USDA_BARGE,81.03
2017-05-10,USDA_BARGE,93.27
2017-05-17,USDA_BARGE,81.03
2017-05-24,USDA_BARGE,80.42
2017-05-31,USDA_BARGE,85.01
2017-06-07,USDA_BARGE,81.95
2017-06-14,USDA_BARGE,77.98
2017-06-21,USDA_BARGE,90.21
2017-06-28,USDA_BARGE,97.24
2017-07-05,USDA_BARGE,88.07
2017-07-12,USDA_BARGE,95.41
2017-07-19,USDA_BARGE,94.18
2017-07-26,USDA_BARGE,91.13
2017-08-02,USDA_BARGE,91.13
2017-08-09,USDA_BARGE,90.21
2017-08-16,USDA_BARGE,94.18
2017-08-23,USDA_BARGE,104.58
2017-08-30,USDA_BARGE,102.44
2017-09-06,USDA_BARGE,103.36
2017-09-13,USDA_BARGE,105.5
2017-09-20,USDA_BARGE,133.02
2017-09-27,USDA_BARGE,187.45
2017-10-04,USDA_BARGE,236.99
2017-10-11,USDA_BARGE,126.29
2017-10-18,USDA_BARGE,129.96
2017-10-25,USDA_BARGE,122.32
2017-11-01,USDA_BARGE,135.47
2017-11-08,USDA_BARGE,122.32
2017-11-15,USDA_BARGE,116.2
2017-11-22,USDA_BARGE,95.71
2017-11-29,USDA_BARGE,91.74
2017-12-06,USDA_BARGE,87.15
2017-12-13,USDA_BARGE,85.01
2017-12-20,USDA_BARGE,85.01
2017-12-27,USDA_BARGE,89.6
2018-01-03,USDA_BARGE,103.36
2018-01-10,USDA_BARGE,109.47
2018-01-17,USDA_BARGE,122.32
2018-01-24,USDA_BARGE,100.61
2018-01-31,USDA_BARGE,109.47
2018-02-07,USDA_BARGE,111.0
2018-02-14,USDA_BARGE,114.06
2018-02-21,USDA_BARGE,116.2
2018-02-28,USDA_BARGE,119.26
2018-03-07,USDA_BARGE,144.95
2018-03-14,USDA_BARGE,174.3
2018-03-21,USDA_BARGE,145.25
2018-03-28,USDA_BARGE,149.23
2018-04-04,USDA_BARGE,170.63
2018-04-11,USDA_BARGE,181.03
2018-04-18,USDA_BARGE,197.24
2018-04-25,USDA_BARGE,162.07
2018-05-02,USDA_BARGE,133.94
2018-05-09,USDA_BARGE,141.58
2018-05-16,USDA_BARGE,145.25
2018-05-23,USDA_BARGE,147.39
2018-05-30,USDA_BARGE,149.84
2018-06-06,USDA_BARGE,163.6
2018-06-13,USDA_BARGE,173.69
2018-06-20,USDA_BARGE,139.44
2018-06-27,USDA_BARGE,136.69
2018-07-04,USDA_BARGE,128.13
2018-07-11,USDA_BARGE,127.21
2018-07-18,USDA_BARGE,126.29
2018-07-25,USDA_BARGE,136.08
2018-08-01,USDA_BARGE,165.74
2018-08-08,USDA_BARGE,181.95
2018-08-15,USDA_BARGE,160.54
2018-08-22,USDA_BARGE,142.19
2018-08-29,USDA_BARGE,181.33
2018-09-05,USDA_BARGE,164.52
2018-09-12,USDA_BARGE,149.23
2018-09-19,USDA_BARGE,158.4
2018-09-26,USDA_BARGE,147.7
2018-10-03,USDA_BARGE,159.93
2018-10-10,USDA_BARGE,152.9
2018-10-17,USDA_BARGE,155.34
2018-10-24,USDA_BARGE,155.34
2018-10-31,USDA_BARGE,145.25
2018-11-07,USDA_BARGE,109.47
2018-11-14,USDA_BARGE,102.44
2018-11-21,USDA_BARGE,97.85
2018-11-28,USDA_BARGE,98.77
2018-12-05,USDA_BARGE,103.97
2018-12-12,USDA_BARGE,126.29
2018-12-19,USDA_BARGE,137.61
2018-12-26,USDA_BARGE,117.12
2019-01-02,USDA_BARGE,118.65
2019-01-09,USDA_BARGE,122.32
2019-01-16,USDA_BARGE,133.94
2019-01-23,USDA_BARGE,137.61
2019-01-30,USDA_BARGE,141.58
2019-02-06,USDA_BARGE,137.61
2019-02-13,USDA_BARGE,164.52
2019-02-20,USDA_BARGE,160.54
2019-02-27,USDA_BARGE,183.48
2019-03-06,USDA_BARGE,160.54
2019-03-13,USDA_BARGE,151.37
2019-03-20,USDA_BARGE,143.72
2019-03-27,USDA_BARGE,160.54
2019-04-03,USDA_BARGE,137.61
2019-04-10,USDA_BARGE,123.23
2019-04-17,USDA_BARGE,116.2
2019-04-24,USDA_BARGE,115.59
2019-05-01,USDA_BARGE,117.73
2019-05-22,USDA_BARGE,126.29
2019-06-19,USDA_BARGE,161.46
2019-06-26,USDA_BARGE,141.58
2019-07-03,USDA_BARGE,149.23
2019-07-10,USDA_BARGE,138.52
2019-07-17,USDA_BARGE,152.9
2019-07-24,USDA_BARGE,162.99
2019-07-31,USDA_BARGE,157.79
2019-08-07,USDA_BARGE,164.52
2019-08-14,USDA_BARGE,158.71
2019-08-21,USDA_BARGE,144.03
2019-08-28,USDA_BARGE,143.11
2019-09-04,USDA_BARGE,134.24
2019-09-11,USDA_BARGE,120.18
2019-09-18,USDA_BARGE,115.9
2019-09-25,USDA_BARGE,113.75
2019-10-02,USDA_BARGE,110.09
2019-10-09,USDA_BARGE,117.42
2019-10-16,USDA_BARGE,113.14
2019-10-23,USDA_BARGE,120.48
2019-10-30,USDA_BARGE,112.23
2019-11-06,USDA_BARGE,105.19
2019-11-13,USDA_BARGE,123.23
2019-11-20,USDA_BARGE,121.09
2019-11-27,USDA_BARGE,113.45
2019-12-04,USDA_BARGE,107.33
2019-12-11,USDA_BARGE,104.89
2019-12-18,USDA_BARGE,103.36
2019-12-25,USDA_BARGE,97.24
2020-01-01,USDA_BARGE,96.32
2020-01-08,USDA_BARGE,94.8
2020-01-15,USDA_BARGE,102.13
2020-01-22,USDA_BARGE,101.83
2020-01-29,USDA_BARGE,99.69
2020-02-05,USDA_BARGE,93.88
2020-02-12,USDA_BARGE,90.51
2020-02-19,USDA_BARGE,89.29
2020-02-26,USDA_BARGE,86.85
2020-03-04,USDA_BARGE,88.07
2020-03-11,USDA_BARGE,84.09
2020-03-18,USDA_BARGE,85.01
2020-03-25,USDA_BARGE,92.96
2020-04-01,USDA_BARGE,100.91
2020-04-08,USDA_BARGE,100.91
2020-04-15,USDA_BARGE,94.18
2020-04-22,USDA_BARGE,86.54
2020-04-29,USDA_BARGE,82.87
2020-05-06,USDA_BARGE,78.59
2020-05-13,USDA_BARGE,79.2
2020-05-20,USDA_BARGE,85.32
2020-05-27,USDA_BARGE,88.07
2020-06-03,USDA_BARGE,86.54
2020-06-10,USDA_BARGE,89.9
2020-06-17,USDA_BARGE,81.95
2020-06-24,USDA_BARGE,86.54
2020-07-01,USDA_BARGE,88.07
2020-07-08,USDA_BARGE,90.21
2020-07-15,USDA_BARGE,88.99
2020-07-22,USDA_BARGE,104.89
2020-07-29,USDA_BARGE,114.67
2020-08-05,USDA_BARGE,111.31
2020-08-12,USDA_BARGE,105.19
2020-08-19,USDA_BARGE,113.14
2020-08-26,USDA_BARGE,111.0
2020-09-02,USDA_BARGE,111.61
2020-09-09,USDA_BARGE,109.47
2020-09-16,USDA_BARGE,118.65
2020-09-23,USDA_BARGE,138.22
2020-09-30,USDA_BARGE,145.86
2020-10-07,USDA_BARGE,156.87
2020-10-14,USDA_BARGE,193.87
2020-10-21,USDA_BARGE,192.34
2020-10-28,USDA_BARGE,157.79
2020-11-04,USDA_BARGE,182.25
2020-11-11,USDA_BARGE,203.35
2020-11-18,USDA_BARGE,157.48
2020-11-25,USDA_BARGE,141.58
2020-12-02,USDA_BARGE,142.19
2020-12-09,USDA_BARGE,127.52
2020-12-16,USDA_BARGE,131.8
2020-12-23,USDA_BARGE,126.29
2020-12-30,USDA_BARGE,127.82
2021-01-06,USDA_BARGE,127.82
2021-01-13,USDA_BARGE,136.08
2021-01-20,USDA_BARGE,140.66
2021-01-27,USDA_BARGE,120.79
2021-02-03,USDA_BARGE,128.43
2021-02-10,USDA_BARGE,127.21
2021-02-17,USDA_BARGE,132.71
2021-02-24,USDA_BARGE,132.71
2021-03-03,USDA_BARGE,116.51
2021-03-10,USDA_BARGE,113.75
2021-03-17,USDA_BARGE,116.51
2021-03-24,USDA_BARGE,115.59
2021-03-31,USDA_BARGE,113.75
2021-04-07,USDA_BARGE,109.78
2021-04-14,USDA_BARGE,103.36
2021-04-21,USDA_BARGE,105.5
2021-04-28,USDA_BARGE,105.8
2021-05-05,USDA_BARGE,103.97
2021-05-12,USDA_BARGE,118.65
2021-05-19,USDA_BARGE,114.37
2021-05-26,USDA_BARGE,115.59
2021-06-02,USDA_BARGE,101.83
2021-06-09,USDA_BARGE,94.18
2021-06-16,USDA_BARGE,92.96
2021-06-23,USDA_BARGE,90.21
2021-06-30,USDA_BARGE,85.93
2021-07-07,USDA_BARGE,84.09
2021-07-14,USDA_BARGE,84.09
2021-07-21,USDA_BARGE,84.4
2021-07-28,USDA_BARGE,85.62
2021-08-04,USDA_BARGE,103.05
2021-08-11,USDA_BARGE,106.42
2021-08-18,USDA_BARGE,113.14
2021-08-25,USDA_BARGE,115.59
2021-09-01,USDA_BARGE,131.49
2021-09-08,USDA_BARGE,172.16
2021-09-15,USDA_BARGE,183.17
2021-09-22,USDA_BARGE,216.81
2021-09-29,USDA_BARGE,238.21
2021-10-06,USDA_BARGE,211.61
2021-10-13,USDA_BARGE,151.37
2021-10-20,USDA_BARGE,192.65
2021-10-27,USDA_BARGE,179.81
2021-11-03,USDA_BARGE,144.64
2021-11-10,USDA_BARGE,155.34
2021-11-17,USDA_BARGE,139.75
2021-11-24,USDA_BARGE,143.11
2021-12-01,USDA_BARGE,146.78
2021-12-08,USDA_BARGE,174.91
2021-12-15,USDA_BARGE,200.29
2021-12-22,USDA_BARGE,225.67
2021-12-29,USDA_BARGE,218.64
2022-01-05,USDA_BARGE,172.47
2022-01-12,USDA_BARGE,214.05
2022-01-19,USDA_BARGE,259.92
2022-01-26,USDA_BARGE,262.98
2022-02-02,USDA_BARGE,266.35
2022-02-09,USDA_BARGE,220.48
2022-02-16,USDA_BARGE,211.91
2022-02-23,USDA_BARGE,170.02
2022-03-02,USDA_BARGE,188.67
2022-03-09,USDA_BARGE,273.07
2022-03-16,USDA_BARGE,302.73
2022-03-23,USDA_BARGE,258.7
2022-03-30,USDA_BARGE,248.92
2022-04-06,USDA_BARGE,273.38
2022-04-13,USDA_BARGE,246.16
2022-04-20,USDA_BARGE,186.84
2022-04-27,USDA_BARGE,173.38
2022-05-04,USDA_BARGE,168.8
2022-05-11,USDA_BARGE,159.93
2022-05-18,USDA_BARGE,142.81
2022-05-25,USDA_BARGE,133.02
2022-06-01,USDA_BARGE,134.85
2022-06-08,USDA_BARGE,133.02
2022-06-15,USDA_BARGE,143.42
2022-06-22,USDA_BARGE,149.53
2022-06-29,USDA_BARGE,129.66
2022-07-06,USDA_BARGE,123.54
2022-07-13,USDA_BARGE,124.76
2022-07-20,USDA_BARGE,140.36
2022-07-27,USDA_BARGE,151.37
2022-08-03,USDA_BARGE,138.83
2022-08-10,USDA_BARGE,136.69
2022-08-17,USDA_BARGE,137.0
2022-08-24,USDA_BARGE,141.89
2022-08-31,USDA_BARGE,156.87
2022-09-07,USDA_BARGE,197.85
2022-09-14,USDA_BARGE,249.83
2022-09-21,USDA_BARGE,291.11
2022-09-28,USDA_BARGE,353.8
2022-10-05,USDA_BARGE,575.2
2022-10-12,USDA_BARGE,634.52
2022-10-19,USDA_BARGE,592.63
2022-10-26,USDA_BARGE,632.07
2022-11-02,USDA_BARGE,588.65
2022-11-09,USDA_BARGE,372.15
2022-11-16,USDA_BARGE,368.79
2022-11-23,USDA_BARGE,288.67
2022-11-30,USDA_BARGE,287.14
2022-12-07,USDA_BARGE,268.49
2022-12-14,USDA_BARGE,280.11
2022-12-21,USDA_BARGE,286.22
2022-12-28,USDA_BARGE,282.86
2023-01-04,USDA_BARGE,270.93
2023-01-11,USDA_BARGE,198.15
2023-01-18,USDA_BARGE,192.65
2023-01-25,USDA_BARGE,200.6
2023-02-01,USDA_BARGE,204.88
2023-02-08,USDA_BARGE,183.17
2023-02-15,USDA_BARGE,156.87
2023-02-22,USDA_BARGE,153.51
2023-03-01,USDA_BARGE,145.56
2023-03-08,USDA_BARGE,148.92
2023-03-15,USDA_BARGE,152.28
2023-03-22,USDA_BARGE,162.07
2023-03-29,USDA_BARGE,174.61
2023-04-05,USDA_BARGE,171.55
2023-04-12,USDA_BARGE,162.38
2023-04-19,USDA_BARGE,142.81
2023-04-26,USDA_BARGE,125.68
2023-05-03,USDA_BARGE,107.03
2023-05-10,USDA_BARGE,87.76
2023-05-17,USDA_BARGE,88.07
2023-05-24,USDA_BARGE,83.48
2023-05-31,USDA_BARGE,77.98
2023-06-07,USDA_BARGE,74.92
2023-06-14,USDA_BARGE,72.17
2023-06-21,USDA_BARGE,73.08
2023-06-28,USDA_BARGE,74.0
2023-07-05,USDA_BARGE,79.2
2023-07-12,USDA_BARGE,94.8
2023-07-19,USDA_BARGE,112.53
2023-07-26,USDA_BARGE,116.51
2023-08-02,USDA_BARGE,120.79
2023-08-09,USDA_BARGE,126.29
2023-08-16,USDA_BARGE,122.93
2023-08-23,USDA_BARGE,121.71
2023-08-30,USDA_BARGE,178.58
2023-09-06,USDA_BARGE,197.24
2023-09-13,USDA_BARGE,233.93
2023-09-20,USDA_BARGE,256.56
2023-09-27,USDA_BARGE,305.79
2023-10-04,USDA_BARGE,302.12
2023-10-11,USDA_BARGE,201.21
2023-10-18,USDA_BARGE,179.19
2023-10-25,USDA_BARGE,194.48
2023-11-01,USDA_BARGE,172.16
2023-11-08,USDA_BARGE,156.87
2023-11-15,USDA_BARGE,151.37
2023-11-22,USDA_BARGE,141.58
2023-11-29,USDA_BARGE,130.88
2023-12-06,USDA_BARGE,121.4
2023-12-13,USDA_BARGE,114.67
2023-12-20,USDA_BARGE,115.59
2023-12-27,USDA_BARGE,122.62
2024-01-03,USDA_BARGE,123.54
2024-01-10,USDA_BARGE,128.74
2024-01-17,USDA_BARGE,131.8
2024-01-24,USDA_BARGE,132.41
2024-01-31,USDA_BARGE,132.41
2024-02-07,USDA_BARGE,137.91
2024-02-14,USDA_BARGE,131.49
2024-02-21,USDA_BARGE,129.35
2024-02-28,USDA_BARGE,113.14
2024-03-06,USDA_BARGE,107.33
2024-03-13,USDA_BARGE,111.0
2024-03-20,USDA_BARGE,115.28
2024-03-27,USDA_BARGE,108.86
2024-04-03,USDA_BARGE,102.75
2024-04-10,USDA_BARGE,96.63
2024-04-17,USDA_BARGE,90.21
2024-04-24,USDA_BARGE,83.18
2024-05-01,USDA_BARGE,90.51
2024-05-08,USDA_BARGE,96.32
2024-05-15,USDA_BARGE,102.13
2024-05-22,USDA_BARGE,97.85
2024-05-29,USDA_BARGE,96.32
2024-06-05,USDA_BARGE,96.32
2024-06-12,USDA_BARGE,96.94
2024-06-19,USDA_BARGE,96.63
2024-06-26,USDA_BARGE,94.8
2024-07-03,USDA_BARGE,97.24
2024-07-10,USDA_BARGE,97.55
2024-07-17,USDA_BARGE,110.09
2024-07-24,USDA_BARGE,130.27
2024-07-31,USDA_BARGE,133.02
2024-08-07,USDA_BARGE,135.47
2024-08-14,USDA_BARGE,137.91
2024-08-21,USDA_BARGE,161.76
2024-08-28,USDA_BARGE,187.76
2024-09-04,USDA_BARGE,205.49
2024-09-11,USDA_BARGE,233.63
2024-09-18,USDA_BARGE,242.49
2024-09-25,USDA_BARGE,241.27
2024-10-02,USDA_BARGE,247.39
2024-10-09,USDA_BARGE,249.53
2024-10-16,USDA_BARGE,241.58
2024-10-23,USDA_BARGE,241.88
2024-10-30,USDA_BARGE,266.35
2024-11-06,USDA_BARGE,196.93
2024-11-13,USDA_BARGE,171.55
2024-11-20,USDA_BARGE,164.21
2024-11-27,USDA_BARGE,163.6
2024-12-04,USDA_BARGE,151.37
2024-12-11,USDA_BARGE,151.37
2024-12-18,USDA_BARGE,155.34
2024-12-25,USDA_BARGE,155.34
2025-01-01,USDA_BARGE,156.57
2025-01-08,USDA_BARGE,155.95
2025-01-15,USDA_BARGE,155.95
2025-01-22,USDA_BARGE,154.73
2025-01-29,USDA_BARGE,158.4
2025-02-05,USDA_BARGE,165.74
2025-02-12,USDA_BARGE,165.13
2025-02-19,USDA_BARGE,166.05
2025-02-26,USDA_BARGE,166.35
2025-03-05,USDA_BARGE,169.71
2025-03-12,USDA_BARGE,176.44
2025-03-19,USDA_BARGE,175.83
2025-03-26,USDA_BARGE,182.86
2025-04-02,USDA_BARGE,186.53
2025-04-09,USDA_BARGE,177.67
2025-04-16,USDA_BARGE,164.52
2025-04-23,USDA_BARGE,141.89
2025-04-30,USDA_BARGE,141.89
2025-05-07,USDA_BARGE,146.17
2025-05-14,USDA_BARGE,137.3
2025-05-21,USDA_BARGE,134.85
2025-05-28,USDA_BARGE,135.16
2025-06-04,USDA_BARGE,133.63
2025-06-11,USDA_BARGE,131.18
2025-06-18,USDA_BARGE,130.88
2025-06-25,USDA_BARGE,127.82
2025-07-02,USDA_BARGE,134.55
2025-07-09,USDA_BARGE,144.33
2025-07-16,USDA_BARGE,168.19
2025-07-23,USDA_BARGE,182.56
2025-07-30,USDA_BARGE,183.17
2025-08-06,USDA_BARGE,172.16
2025-08-13,USDA_BARGE,170.63
2025-08-20,USDA_BARGE,176.14
2025-08-27,USDA_BARGE,178.28
2025-09-03,USDA_BARGE,187.45
2025-09-10,USDA_BARGE,203.66
2025-09-17,USDA_BARGE,219.25
2025-09-24,USDA_BARGE,213.14
2025-10-01,USDA_BARGE,203.05
2025-10-08,USDA_BARGE,185.92
2025-10-15,USDA_BARGE,196.01
2025-10-22,USDA_BARGE,193.87
2025-10-29,USDA_BARGE,184.7
2025-11-05,USDA_BARGE,184.7
2025-11-12,USDA_BARGE,171.55
2025-11-19,USDA_BARGE,164.82
2025-11-26,USDA_BARGE,164.52
2025-12-03,USDA_BARGE,162.45
2025-12-10,USDA_BARGE,167.27
2025-12-17,USDA_BARGE,184.39
2025-12-24,USDA_BARGE,182.25
2025-12-31,USDA_BARGE,178.89
2026-01-07,USDA_BARGE,187.76
2026-01-14,USDA_BARGE,195.71
2026-01-21,USDA_BARGE,201.21
2026-01-28,USDA_BARGE,218.03
2026-02-04,USDA_BARGE,225.06
2026-02-11,USDA_BARGE,217.42
2026-02-18,USDA_BARGE,225.98
2026-02-25,USDA_BARGE,230.26
2026-03-04,USDA_BARGE,208.86
2026-03-11,USDA_BARGE,185.92
2026-03-18,USDA_BARGE,189.29
2026-03-25,USDA_BARGE,188.98
2026-04-01,USDA_BARGE,186.84
2026-04-08,USDA_BARGE,185.31
2026-04-15,USDA_BARGE,186.84
2026-04-22,USDA_BARGE,186.23
2026-04-29,USDA_BARGE,186.53
2026-05-06,USDA_BARGE,183.78
2026-05-13,USDA_BARGE,182.25
2026-05-20,USDA_BARGE,182.86
2026-05-27,USDA_BARGE,178.58
2026-06-03,USDA_BARGE,175.52
2026-06-10,USDA_BARGE,170.63
2026-06-17,USDA_BARGE,169.1
2026-06-24,USDA_BARGE,169.41
2026-07-01,USDA_BARGE,169.41
2026-07-08,USDA_BARGE,176.75
2026-07-15,USDA_BARGE,204.58
2026-07-22,USDA_BARGE,209.77
2026-07-29,USDA_BARGE,230.26
2026-08-05,USDA_BARGE,230.26
2026-08-12,USDA_BARGE,218.34
2026-08-19,USDA_BARGE,211.61
2026-08-26,USDA_BARGE,195.1
2026-09-02,USDA_BARGE,221.7
2026-09-09,USDA_BARGE,250.44
2005-01-05,USDA_GULF_VESSEL,148.17
2005-01-12,USDA_GULF_VESSEL,158.31
2005-01-19,USDA_GULF_VESSEL,152.99
2005-01-26,USDA_GULF_VESSEL,149.55
2005-02-02,USDA_GULF_VESSEL,153.59
2005-02-09,USDA_GULF_VESSEL,147.03
2005-02-16,USDA_GULF_VESSEL,151.61
2005-02-23,USDA_GULF_VESSEL,156.89
2005-03-02,USDA_GULF_VESSEL,155.13
2005-03-09,USDA_GULF_VESSEL,158.17
2005-03-16,USDA_GULF_VESSEL,162.62
2005-03-23,USDA_GULF_VESSEL,162.96
2005-03-30,USDA_GULF_VESSEL,161.84
2005-04-06,USDA_GULF_VESSEL,157.92
2005-04-13,USDA_GULF_VESSEL,158.63
2005-04-20,USDA_GULF_VESSEL,157.28
2005-04-27,USDA_GULF_VESSEL,145.04
2005-05-04,USDA_GULF_VESSEL,138.0
2005-05-11,USDA_GULF_VESSEL,145.69
2005-05-18,USDA_GULF_VESSEL,138.04
2005-05-25,USDA_GULF_VESSEL,137.5
2005-06-01,USDA_GULF_VESSEL,136.57
2005-06-08,USDA_GULF_VESSEL,135.84
2005-06-15,USDA_GULF_VESSEL,126.0
2005-06-22,USDA_GULF_VESSEL,118.19
2005-06-29,USDA_GULF_VESSEL,117.62
2005-07-06,USDA_GULF_VESSEL,110.44
2005-07-13,USDA_GULF_VESSEL,100.83
2005-07-20,USDA_GULF_VESSEL,93.96
2005-07-27,USDA_GULF_VESSEL,88.54
2005-08-03,USDA_GULF_VESSEL,83.76
2005-08-10,USDA_GULF_VESSEL,87.86
2005-08-17,USDA_GULF_VESSEL,95.32
2005-08-24,USDA_GULF_VESSEL,98.95
2005-08-31,USDA_GULF_VESSEL,95.03
2005-09-07,USDA_GULF_VESSEL,91.82
2005-09-14,USDA_GULF_VESSEL,99.8
2005-09-21,USDA_GULF_VESSEL,107.52
2005-09-28,USDA_GULF_VESSEL,111.76
2005-10-05,USDA_GULF_VESSEL,113.32
2005-10-12,USDA_GULF_VESSEL,118.82
2005-10-19,USDA_GULF_VESSEL,119.32
2005-10-26,USDA_GULF_VESSEL,118.59
2005-11-02,USDA_GULF_VESSEL,117.79
2005-11-09,USDA_GULF_VESSEL,115.59
2005-11-16,USDA_GULF_VESSEL,115.54
2005-11-23,USDA_GULF_VESSEL,110.41
2005-11-30,USDA_GULF_VESSEL,107.59
2005-12-07,USDA_GULF_VESSEL,104.58
2005-12-14,USDA_GULF_VESSEL,101.7
2005-12-21,USDA_GULF_VESSEL,100.63
2005-12-28,USDA_GULF_VESSEL,100.36
2006-01-04,USDA_GULF_VESSEL,101.65
2006-01-11,USDA_GULF_VESSEL,100.31
2006-01-18,USDA_GULF_VESSEL,93.56
2006-01-25,USDA_GULF_VESSEL,86.02
2006-02-01,USDA_GULF_VESSEL,83.03
2006-02-08,USDA_GULF_VESSEL,86.12
2006-02-15,USDA_GULF_VESSEL,88.69
2006-02-22,USDA_GULF_VESSEL,92.83
2006-03-01,USDA_GULF_VESSEL,90.7
2006-03-08,USDA_GULF_VESSEL,91.64
2006-03-15,USDA_GULF_VESSEL,91.86
2006-03-22,USDA_GULF_VESSEL,88.85
2006-03-29,USDA_GULF_VESSEL,92.17
2006-04-05,USDA_GULF_VESSEL,90.77
2006-04-12,USDA_GULF_VESSEL,88.68
2006-04-19,USDA_GULF_VESSEL,88.37
2006-04-26,USDA_GULF_VESSEL,87.34
2006-05-03,USDA_GULF_VESSEL,86.59
2006-05-10,USDA_GULF_VESSEL,87.34
2006-05-17,USDA_GULF_VESSEL,88.57
2006-05-24,USDA_GULF_VESSEL,89.33
2006-05-31,USDA_GULF_VESSEL,89.27
2006-06-07,USDA_GULF_VESSEL,90.78
2006-06-14,USDA_GULF_VESSEL,94.02
2006-06-21,USDA_GULF_VESSEL,93.72
2006-06-28,USDA_GULF_VESSEL,98.5
2006-07-05,USDA_GULF_VESSEL,101.49
2006-07-12,USDA_GULF_VESSEL,97.98
2006-07-19,USDA_GULF_VESSEL,100.01
2006-07-26,USDA_GULF_VESSEL,103.19
2006-08-02,USDA_GULF_VESSEL,105.4
2006-08-09,USDA_GULF_VESSEL,110.69
2006-08-16,USDA_GULF_VESSEL,115.12
2006-08-23,USDA_GULF_VESSEL,116.01
2006-08-30,USDA_GULF_VESSEL,119.12
2006-09-06,USDA_GULF_VESSEL,125.17
2006-09-13,USDA_GULF_VESSEL,128.22
2006-09-20,USDA_GULF_VESSEL,130.82
2006-09-27,USDA_GULF_VESSEL,125.85
2006-10-04,USDA_GULF_VESSEL,126.35
2006-10-11,USDA_GULF_VESSEL,125.33
2006-10-18,USDA_GULF_VESSEL,123.4
2006-10-25,USDA_GULF_VESSEL,122.8
2006-11-01,USDA_GULF_VESSEL,122.5
2006-11-08,USDA_GULF_VESSEL,125.36
2006-11-15,USDA_GULF_VESSEL,126.09
2006-11-22,USDA_GULF_VESSEL,125.17
2006-11-29,USDA_GULF_VESSEL,126.82
2006-12-06,USDA_GULF_VESSEL,132.58
2006-12-13,USDA_GULF_VESSEL,132.98
2006-12-20,USDA_GULF_VESSEL,134.25
2006-12-27,USDA_GULF_VESSEL,135.87
2007-01-10,USDA_GULF_VESSEL,136.03
2007-01-17,USDA_GULF_VESSEL,142.38
2007-01-24,USDA_GULF_VESSEL,136.03
2007-01-31,USDA_GULF_VESSEL,133.49
2007-02-07,USDA_GULF_VESSEL,133.49
2007-02-14,USDA_GULF_VESSEL,133.49
2007-02-21,USDA_GULF_VESSEL,136.03
2007-02-28,USDA_GULF_VESSEL,141.11
2007-03-07,USDA_GULF_VESSEL,142.38
2007-03-14,USDA_GULF_VESSEL,144.93
2007-03-21,USDA_GULF_VESSEL,144.93
2007-03-28,USDA_GULF_VESSEL,144.93
2007-04-04,USDA_GULF_VESSEL,144.93
2007-04-11,USDA_GULF_VESSEL,144.93
2007-04-18,USDA_GULF_VESSEL,148.74
2007-04-25,USDA_GULF_VESSEL,152.56
2007-05-02,USDA_GULF_VESSEL,152.56
2007-05-09,USDA_GULF_VESSEL,155.1
2007-05-16,USDA_GULF_VESSEL,165.27
2007-05-23,USDA_GULF_VESSEL,162.73
2007-05-30,USDA_GULF_VESSEL,162.73
2007-06-06,USDA_GULF_VESSEL,162.73
2007-06-13,USDA_GULF_VESSEL,157.64
2007-06-20,USDA_GULF_VESSEL,150.01
2007-06-27,USDA_GULF_VESSEL,153.83
2007-07-04,USDA_GULF_VESSEL,188.15
2007-07-11,USDA_GULF_VESSEL,188.15
2007-07-18,USDA_GULF_VESSEL,203.41
2007-07-25,USDA_GULF_VESSEL,213.58
2007-08-01,USDA_GULF_VESSEL,228.83
2007-08-08,USDA_GULF_VESSEL,227.56
2007-08-15,USDA_GULF_VESSEL,226.29
2007-08-22,USDA_GULF_VESSEL,239.0
2007-08-29,USDA_GULF_VESSEL,228.83
2007-09-05,USDA_GULF_VESSEL,231.88
2007-09-12,USDA_GULF_VESSEL,250.44
2007-09-19,USDA_GULF_VESSEL,241.55
2007-09-26,USDA_GULF_VESSEL,241.55
2007-10-03,USDA_GULF_VESSEL,251.72
2007-10-10,USDA_GULF_VESSEL,256.8
2007-10-17,USDA_GULF_VESSEL,292.4
2007-10-24,USDA_GULF_VESSEL,292.4
2007-10-31,USDA_GULF_VESSEL,297.48
2007-11-07,USDA_GULF_VESSEL,292.4
2007-11-14,USDA_GULF_VESSEL,292.4
2007-11-21,USDA_GULF_VESSEL,300.03
2007-11-28,USDA_GULF_VESSEL,305.11
2007-12-05,USDA_GULF_VESSEL,302.57
2007-12-12,USDA_GULF_VESSEL,310.2
2007-12-19,USDA_GULF_VESSEL,315.28
2007-12-26,USDA_GULF_VESSEL,321.64
2008-01-02,USDA_GULF_VESSEL,312.74
2008-01-09,USDA_GULF_VESSEL,315.28
2008-01-16,USDA_GULF_VESSEL,307.65
2008-01-23,USDA_GULF_VESSEL,0.0
2008-01-30,USDA_GULF_VESSEL,0.0
2008-02-06,USDA_GULF_VESSEL,233.92
2008-02-13,USDA_GULF_VESSEL,246.63
2008-02-20,USDA_GULF_VESSEL,266.97
2008-02-27,USDA_GULF_VESSEL,272.06
2008-03-05,USDA_GULF_VESSEL,282.23
2008-03-12,USDA_GULF_VESSEL,286.04
2008-03-19,USDA_GULF_VESSEL,283.5
2008-03-26,USDA_GULF_VESSEL,282.23
2008-04-02,USDA_GULF_VESSEL,279.68
2008-04-09,USDA_GULF_VESSEL,277.14
2008-04-16,USDA_GULF_VESSEL,282.23
2008-04-23,USDA_GULF_VESSEL,289.86
2008-04-30,USDA_GULF_VESSEL,302.57
2008-05-07,USDA_GULF_VESSEL,312.74
2008-05-14,USDA_GULF_VESSEL,321.64
2008-05-21,USDA_GULF_VESSEL,358.5
2008-05-28,USDA_GULF_VESSEL,355.96
2008-06-04,USDA_GULF_VESSEL,343.25
2008-06-11,USDA_GULF_VESSEL,343.25
2008-06-18,USDA_GULF_VESSEL,307.65
2008-06-25,USDA_GULF_VESSEL,310.2
2008-07-02,USDA_GULF_VESSEL,333.08
2008-07-09,USDA_GULF_VESSEL,320.37
2008-07-16,USDA_GULF_VESSEL,335.62
2008-07-23,USDA_GULF_VESSEL,327.99
2008-07-30,USDA_GULF_VESSEL,312.74
2008-08-06,USDA_GULF_VESSEL,302.57
2008-08-13,USDA_GULF_VESSEL,284.77
2008-08-20,USDA_GULF_VESSEL,300.03
2008-08-27,USDA_GULF_VESSEL,294.94
2008-09-03,USDA_GULF_VESSEL,289.86
2008-09-10,USDA_GULF_VESSEL,266.97
2008-09-17,USDA_GULF_VESSEL,231.38
2008-09-24,USDA_GULF_VESSEL,231.38
2008-10-01,USDA_GULF_VESSEL,165.27
2008-10-08,USDA_GULF_VESSEL,142.38
2008-10-15,USDA_GULF_VESSEL,122.04
2008-10-22,USDA_GULF_VESSEL,96.62
2008-10-29,USDA_GULF_VESSEL,78.82
2008-11-05,USDA_GULF_VESSEL,73.74
2008-11-12,USDA_GULF_VESSEL,73.74
2008-11-19,USDA_GULF_VESSEL,73.74
2008-11-26,USDA_GULF_VESSEL,69.92
2008-12-03,USDA_GULF_VESSEL,63.56
2008-12-10,USDA_GULF_VESSEL,58.48
2008-12-17,USDA_GULF_VESSEL,58.48
2008-12-24,USDA_GULF_VESSEL,61.02
2008-12-31,USDA_GULF_VESSEL,61.02
2009-01-07,USDA_GULF_VESSEL,58.48
2009-01-14,USDA_GULF_VESSEL,68.65
2009-01-21,USDA_GULF_VESSEL,63.56
2009-01-28,USDA_GULF_VESSEL,67.38
2009-02-04,USDA_GULF_VESSEL,76.28
2009-02-11,USDA_GULF_VESSEL,97.89
2009-02-18,USDA_GULF_VESSEL,101.7
2009-02-25,USDA_GULF_VESSEL,99.16
2009-03-04,USDA_GULF_VESSEL,100.43
2009-03-11,USDA_GULF_VESSEL,109.33
2009-03-18,USDA_GULF_VESSEL,116.96
2009-03-25,USDA_GULF_VESSEL,101.7
2009-04-01,USDA_GULF_VESSEL,101.7
2009-04-08,USDA_GULF_VESSEL,95.35
2009-04-15,USDA_GULF_VESSEL,99.16
2009-04-22,USDA_GULF_VESSEL,109.33
2009-04-29,USDA_GULF_VESSEL,106.79
2009-05-06,USDA_GULF_VESSEL,101.7
2009-05-13,USDA_GULF_VESSEL,110.6
2009-05-20,USDA_GULF_VESSEL,122.04
2009-05-27,USDA_GULF_VESSEL,125.86
2009-06-03,USDA_GULF_VESSEL,137.3
2009-06-10,USDA_GULF_VESSEL,143.66
2009-06-17,USDA_GULF_VESSEL,143.66
2009-06-24,USDA_GULF_VESSEL,157.64
2009-07-01,USDA_GULF_VESSEL,150.01
2009-07-08,USDA_GULF_VESSEL,152.56
2009-07-15,USDA_GULF_VESSEL,139.84
2009-07-22,USDA_GULF_VESSEL,152.56
2009-07-29,USDA_GULF_VESSEL,162.73
2009-08-05,USDA_GULF_VESSEL,157.64
2009-08-12,USDA_GULF_VESSEL,144.93
2009-08-19,USDA_GULF_VESSEL,142.38
2009-08-26,USDA_GULF_VESSEL,134.76
2009-09-02,USDA_GULF_VESSEL,132.21
2009-09-09,USDA_GULF_VESSEL,144.93
2009-09-16,USDA_GULF_VESSEL,146.2
2009-09-23,USDA_GULF_VESSEL,147.47
2009-09-30,USDA_GULF_VESSEL,142.38
2009-10-07,USDA_GULF_VESSEL,142.38
2009-10-14,USDA_GULF_VESSEL,148.74
2009-10-21,USDA_GULF_VESSEL,150.01
2009-10-28,USDA_GULF_VESSEL,164.63
2009-11-04,USDA_GULF_VESSEL,167.81
2009-11-11,USDA_GULF_VESSEL,177.98
2009-11-18,USDA_GULF_VESSEL,177.98
2009-11-25,USDA_GULF_VESSEL,186.88
2009-12-02,USDA_GULF_VESSEL,183.07
2009-12-09,USDA_GULF_VESSEL,177.98
2009-12-16,USDA_GULF_VESSEL,172.9
2009-12-23,USDA_GULF_VESSEL,174.17
2009-12-30,USDA_GULF_VESSEL,172.9
2010-01-06,USDA_GULF_VESSEL,0.0
2010-01-13,USDA_GULF_VESSEL,183.07
2010-01-20,USDA_GULF_VESSEL,177.98
2010-01-27,USDA_GULF_VESSEL,174.17
2010-02-03,USDA_GULF_VESSEL,170.35
2010-02-10,USDA_GULF_VESSEL,160.18
2010-02-17,USDA_GULF_VESSEL,155.1
2010-02-24,USDA_GULF_VESSEL,160.18
2010-03-03,USDA_GULF_VESSEL,165.27
2010-03-10,USDA_GULF_VESSEL,172.9
2010-03-17,USDA_GULF_VESSEL,177.98
2010-03-24,USDA_GULF_VESSEL,180.52
2010-03-31,USDA_GULF_VESSEL,175.44
2010-04-07,USDA_GULF_VESSEL,170.35
2010-04-14,USDA_GULF_VESSEL,177.98
2010-04-21,USDA_GULF_VESSEL,177.98
2010-04-28,USDA_GULF_VESSEL,175.44
2010-05-05,USDA_GULF_VESSEL,177.98
2010-05-12,USDA_GULF_VESSEL,183.07
2010-05-19,USDA_GULF_VESSEL,183.07
2010-05-26,USDA_GULF_VESSEL,185.61
2010-06-02,USDA_GULF_VESSEL,181.8
2010-06-09,USDA_GULF_VESSEL,177.98
2010-06-16,USDA_GULF_VESSEL,174.17
2010-06-23,USDA_GULF_VESSEL,169.08
2010-06-30,USDA_GULF_VESSEL,157.64
2010-07-07,USDA_GULF_VESSEL,142.38
2010-07-14,USDA_GULF_VESSEL,129.67
2010-07-21,USDA_GULF_VESSEL,142.38
2010-07-28,USDA_GULF_VESSEL,146.2
2010-08-04,USDA_GULF_VESSEL,152.56
2010-08-11,USDA_GULF_VESSEL,152.56
2010-08-18,USDA_GULF_VESSEL,157.64
2010-08-25,USDA_GULF_VESSEL,165.27
2010-09-01,USDA_GULF_VESSEL,162.73
2010-09-08,USDA_GULF_VESSEL,165.27
2010-09-15,USDA_GULF_VESSEL,172.9
2010-09-22,USDA_GULF_VESSEL,165.27
2010-09-29,USDA_GULF_VESSEL,162.73
2010-10-06,USDA_GULF_VESSEL,155.1
2010-10-13,USDA_GULF_VESSEL,152.56
2010-10-20,USDA_GULF_VESSEL,150.01
2010-10-27,USDA_GULF_VESSEL,150.01
2010-11-03,USDA_GULF_VESSEL,155.1
2010-11-10,USDA_GULF_VESSEL,147.47
2010-11-17,USDA_GULF_VESSEL,150.01
2010-11-24,USDA_GULF_VESSEL,136.03
2010-12-01,USDA_GULF_VESSEL,134.76
2010-12-08,USDA_GULF_VESSEL,134.76
2010-12-15,USDA_GULF_VESSEL,138.57
2010-12-22,USDA_GULF_VESSEL,132.21
2010-12-29,USDA_GULF_VESSEL,132.21
2011-01-05,USDA_GULF_VESSEL,0.0
2011-01-12,USDA_GULF_VESSEL,134.76
2011-01-19,USDA_GULF_VESSEL,137.3
2011-01-26,USDA_GULF_VESSEL,127.13
2011-02-02,USDA_GULF_VESSEL,124.59
2011-02-09,USDA_GULF_VESSEL,124.59
2011-02-16,USDA_GULF_VESSEL,134.76
2011-02-23,USDA_GULF_VESSEL,143.66
2011-03-02,USDA_GULF_VESSEL,142.38
2011-03-09,USDA_GULF_VESSEL,150.01
2011-03-16,USDA_GULF_VESSEL,152.56
2011-03-23,USDA_GULF_VESSEL,150.01
2011-03-30,USDA_GULF_VESSEL,150.01
2011-04-06,USDA_GULF_VESSEL,147.47
2011-04-13,USDA_GULF_VESSEL,134.76
2011-04-20,USDA_GULF_VESSEL,132.21
2011-04-27,USDA_GULF_VESSEL,128.4
2011-05-04,USDA_GULF_VESSEL,129.67
2011-05-11,USDA_GULF_VESSEL,134.76
2011-05-18,USDA_GULF_VESSEL,134.76
2011-05-25,USDA_GULF_VESSEL,130.94
2011-06-01,USDA_GULF_VESSEL,136.03
2011-06-08,USDA_GULF_VESSEL,134.76
2011-06-15,USDA_GULF_VESSEL,137.3
2011-06-22,USDA_GULF_VESSEL,137.3
2011-06-29,USDA_GULF_VESSEL,132.21
2011-07-06,USDA_GULF_VESSEL,132.21
2011-07-13,USDA_GULF_VESSEL,134.76
2011-07-20,USDA_GULF_VESSEL,130.94
2011-07-27,USDA_GULF_VESSEL,129.67
2011-08-03,USDA_GULF_VESSEL,132.21
2011-08-10,USDA_GULF_VESSEL,128.4
2011-08-17,USDA_GULF_VESSEL,129.67
2011-08-24,USDA_GULF_VESSEL,134.76
2011-08-31,USDA_GULF_VESSEL,138.57
2011-09-07,USDA_GULF_VESSEL,137.3
2011-09-14,USDA_GULF_VESSEL,137.3
2011-09-21,USDA_GULF_VESSEL,139.84
2011-09-28,USDA_GULF_VESSEL,139.84
2011-10-05,USDA_GULF_VESSEL,139.84
2011-10-12,USDA_GULF_VESSEL,142.38
2011-10-19,USDA_GULF_VESSEL,150.01
2011-10-26,USDA_GULF_VESSEL,150.01
2011-11-02,USDA_GULF_VESSEL,147.47
2011-11-09,USDA_GULF_VESSEL,144.93
2011-11-16,USDA_GULF_VESSEL,143.66
2011-11-23,USDA_GULF_VESSEL,146.2
2011-11-30,USDA_GULF_VESSEL,144.93
2011-12-07,USDA_GULF_VESSEL,142.38
2011-12-14,USDA_GULF_VESSEL,142.38
2011-12-21,USDA_GULF_VESSEL,146.2
2011-12-28,USDA_GULF_VESSEL,144.93
2012-01-04,USDA_GULF_VESSEL,142.38
2012-01-11,USDA_GULF_VESSEL,142.38
2012-01-18,USDA_GULF_VESSEL,129.67
2012-01-25,USDA_GULF_VESSEL,129.67
2012-02-01,USDA_GULF_VESSEL,124.59
2012-02-08,USDA_GULF_VESSEL,119.5
2012-02-15,USDA_GULF_VESSEL,127.13
2012-02-22,USDA_GULF_VESSEL,127.13
2012-02-29,USDA_GULF_VESSEL,124.59
2012-03-07,USDA_GULF_VESSEL,124.59
2012-03-14,USDA_GULF_VESSEL,124.59
2012-03-21,USDA_GULF_VESSEL,124.59
2012-03-28,USDA_GULF_VESSEL,129.67
2012-04-04,USDA_GULF_VESSEL,129.67
2012-04-11,USDA_GULF_VESSEL,129.67
2012-04-18,USDA_GULF_VESSEL,133.49
2012-04-25,USDA_GULF_VESSEL,136.03
2012-05-02,USDA_GULF_VESSEL,137.3
2012-05-09,USDA_GULF_VESSEL,132.21
2012-05-16,USDA_GULF_VESSEL,127.13
2012-05-23,USDA_GULF_VESSEL,129.67
2012-05-30,USDA_GULF_VESSEL,127.13
2012-06-06,USDA_GULF_VESSEL,123.32
2012-06-13,USDA_GULF_VESSEL,124.59
2012-06-20,USDA_GULF_VESSEL,128.4
2012-06-27,USDA_GULF_VESSEL,123.32
2012-07-04,USDA_GULF_VESSEL,122.04
2012-07-11,USDA_GULF_VESSEL,124.59
2012-07-18,USDA_GULF_VESSEL,128.4
2012-07-25,USDA_GULF_VESSEL,129.67
2012-08-01,USDA_GULF_VESSEL,128.4
2012-08-08,USDA_GULF_VESSEL,127.13
2012-08-15,USDA_GULF_VESSEL,127.13
2012-08-22,USDA_GULF_VESSEL,127.13
2012-08-29,USDA_GULF_VESSEL,127.13
2012-09-05,USDA_GULF_VESSEL,124.59
2012-09-12,USDA_GULF_VESSEL,122.04
2012-09-19,USDA_GULF_VESSEL,122.04
2012-09-26,USDA_GULF_VESSEL,119.5
2012-10-03,USDA_GULF_VESSEL,119.5
2012-10-10,USDA_GULF_VESSEL,124.59
2012-10-17,USDA_GULF_VESSEL,124.59
2012-10-24,USDA_GULF_VESSEL,124.59
2012-10-31,USDA_GULF_VESSEL,120.77
2012-11-07,USDA_GULF_VESSEL,119.5
2012-11-14,USDA_GULF_VESSEL,116.96
2012-11-21,USDA_GULF_VESSEL,116.96
2012-11-28,USDA_GULF_VESSEL,118.23
2012-12-05,USDA_GULF_VESSEL,118.23
2012-12-12,USDA_GULF_VESSEL,115.69
2012-12-19,USDA_GULF_VESSEL,114.42
2012-12-26,USDA_GULF_VESSEL,113.15
2013-01-02,USDA_GULF_VESSEL,113.15
2013-01-09,USDA_GULF_VESSEL,113.15
2013-01-16,USDA_GULF_VESSEL,118.23
2013-01-23,USDA_GULF_VESSEL,116.96
2013-01-30,USDA_GULF_VESSEL,116.96
2013-02-06,USDA_GULF_VESSEL,116.96
2013-02-13,USDA_GULF_VESSEL,116.96
2013-02-20,USDA_GULF_VESSEL,118.23
2013-02-27,USDA_GULF_VESSEL,118.23
2013-03-06,USDA_GULF_VESSEL,119.5
2013-03-13,USDA_GULF_VESSEL,122.04
2013-03-20,USDA_GULF_VESSEL,122.04
2013-03-27,USDA_GULF_VESSEL,124.59
2013-04-03,USDA_GULF_VESSEL,124.59
2013-04-10,USDA_GULF_VESSEL,120.77
2013-04-17,USDA_GULF_VESSEL,120.77
2013-04-24,USDA_GULF_VESSEL,120.77
2013-05-01,USDA_GULF_VESSEL,118.23
2013-05-08,USDA_GULF_VESSEL,114.42
2013-05-15,USDA_GULF_VESSEL,114.42
2013-05-22,USDA_GULF_VESSEL,113.15
2013-05-29,USDA_GULF_VESSEL,114.42
2013-06-05,USDA_GULF_VESSEL,111.87
2013-06-12,USDA_GULF_VESSEL,111.87
2013-06-19,USDA_GULF_VESSEL,115.69
2013-06-26,USDA_GULF_VESSEL,116.96
2013-07-03,USDA_GULF_VESSEL,116.96
2013-07-10,USDA_GULF_VESSEL,115.69
2013-07-17,USDA_GULF_VESSEL,115.69
2013-07-24,USDA_GULF_VESSEL,118.23
2013-07-31,USDA_GULF_VESSEL,116.96
2013-08-07,USDA_GULF_VESSEL,118.23
2013-08-14,USDA_GULF_VESSEL,115.69
2013-08-21,USDA_GULF_VESSEL,114.42
2013-08-28,USDA_GULF_VESSEL,114.42
2013-09-04,USDA_GULF_VESSEL,115.69
2013-09-11,USDA_GULF_VESSEL,120.77
2013-09-18,USDA_GULF_VESSEL,128.4
2013-09-25,USDA_GULF_VESSEL,132.21
2013-10-02,USDA_GULF_VESSEL,147.47
2013-10-09,USDA_GULF_VESSEL,143.66
2013-10-16,USDA_GULF_VESSEL,146.2
2013-10-23,USDA_GULF_VESSEL,141.11
2013-10-30,USDA_GULF_VESSEL,139.84
2013-11-06,USDA_GULF_VESSEL,138.57
2013-11-13,USDA_GULF_VESSEL,138.57
2013-11-20,USDA_GULF_VESSEL,134.76
2013-11-27,USDA_GULF_VESSEL,134.76
2013-12-04,USDA_GULF_VESSEL,138.57
2013-12-11,USDA_GULF_VESSEL,144.93
2013-12-18,USDA_GULF_VESSEL,151.28
2013-12-25,USDA_GULF_VESSEL,147.47
2014-01-01,USDA_GULF_VESSEL,147.47
2014-01-08,USDA_GULF_VESSEL,147.47
2014-01-15,USDA_GULF_VESSEL,144.93
2014-01-22,USDA_GULF_VESSEL,143.66
2014-01-29,USDA_GULF_VESSEL,143.66
2014-02-05,USDA_GULF_VESSEL,143.66
2014-02-12,USDA_GULF_VESSEL,141.11
2014-02-19,USDA_GULF_VESSEL,132.21
2014-02-26,USDA_GULF_VESSEL,134.76
2014-03-05,USDA_GULF_VESSEL,134.76
2014-03-12,USDA_GULF_VESSEL,132.21
2014-03-19,USDA_GULF_VESSEL,134.76
2014-03-26,USDA_GULF_VESSEL,134.76
2014-04-02,USDA_GULF_VESSEL,130.94
2014-04-09,USDA_GULF_VESSEL,127.13
2014-04-16,USDA_GULF_VESSEL,127.13
2014-04-23,USDA_GULF_VESSEL,120.77
2014-04-30,USDA_GULF_VESSEL,120.77
2014-05-07,USDA_GULF_VESSEL,119.5
2014-05-14,USDA_GULF_VESSEL,118.23
2014-05-21,USDA_GULF_VESSEL,120.77
2014-05-28,USDA_GULF_VESSEL,119.5
2014-06-04,USDA_GULF_VESSEL,116.96
2014-06-11,USDA_GULF_VESSEL,114.42
2014-06-18,USDA_GULF_VESSEL,111.87
2014-06-25,USDA_GULF_VESSEL,110.6
2014-07-02,USDA_GULF_VESSEL,106.79
2014-07-09,USDA_GULF_VESSEL,109.33
2014-07-16,USDA_GULF_VESSEL,109.33
2014-07-23,USDA_GULF_VESSEL,108.06
2014-07-30,USDA_GULF_VESSEL,106.79
2014-08-06,USDA_GULF_VESSEL,105.52
2014-08-13,USDA_GULF_VESSEL,105.52
2014-08-20,USDA_GULF_VESSEL,109.33
2014-08-27,USDA_GULF_VESSEL,111.87
2014-09-03,USDA_GULF_VESSEL,116.96
2014-09-10,USDA_GULF_VESSEL,118.23
2014-09-17,USDA_GULF_VESSEL,118.23
2014-09-24,USDA_GULF_VESSEL,115.69
2014-10-01,USDA_GULF_VESSEL,116.96
2014-10-08,USDA_GULF_VESSEL,119.5
2014-10-15,USDA_GULF_VESSEL,116.96
2014-10-22,USDA_GULF_VESSEL,115.69
2014-10-29,USDA_GULF_VESSEL,116.96
2014-11-05,USDA_GULF_VESSEL,116.96
2014-11-12,USDA_GULF_VESSEL,115.69
2014-11-19,USDA_GULF_VESSEL,113.78
2014-11-26,USDA_GULF_VESSEL,110.6
2014-12-03,USDA_GULF_VESSEL,110.6
2014-12-10,USDA_GULF_VESSEL,108.06
2014-12-17,USDA_GULF_VESSEL,105.52
2014-12-24,USDA_GULF_VESSEL,101.7
2014-12-31,USDA_GULF_VESSEL,101.7
2015-01-07,USDA_GULF_VESSEL,99.16
2015-01-14,USDA_GULF_VESSEL,92.8
2015-01-21,USDA_GULF_VESSEL,88.99
2015-01-28,USDA_GULF_VESSEL,86.45
2015-02-04,USDA_GULF_VESSEL,71.19
2015-02-11,USDA_GULF_VESSEL,71.19
2015-02-18,USDA_GULF_VESSEL,69.92
2015-02-25,USDA_GULF_VESSEL,72.46
2015-03-04,USDA_GULF_VESSEL,78.82
2015-03-11,USDA_GULF_VESSEL,81.36
2015-03-18,USDA_GULF_VESSEL,81.36
2015-03-25,USDA_GULF_VESSEL,81.36
2015-04-01,USDA_GULF_VESSEL,81.36
2015-04-08,USDA_GULF_VESSEL,78.82
2015-04-15,USDA_GULF_VESSEL,78.82
2015-04-22,USDA_GULF_VESSEL,78.82
2015-04-29,USDA_GULF_VESSEL,78.82
2015-05-06,USDA_GULF_VESSEL,78.18
2015-05-13,USDA_GULF_VESSEL,76.28
2015-05-20,USDA_GULF_VESSEL,76.28
2015-05-27,USDA_GULF_VESSEL,76.91
2015-06-03,USDA_GULF_VESSEL,76.28
2015-06-10,USDA_GULF_VESSEL,76.79
2015-06-17,USDA_GULF_VESSEL,78.82
2015-06-24,USDA_GULF_VESSEL,82.63
2015-07-01,USDA_GULF_VESSEL,81.36
2015-07-08,USDA_GULF_VESSEL,81.36
2015-07-15,USDA_GULF_VESSEL,82.63
2015-07-22,USDA_GULF_VESSEL,91.53
2015-07-29,USDA_GULF_VESSEL,90.26
2015-08-05,USDA_GULF_VESSEL,88.99
2015-08-12,USDA_GULF_VESSEL,87.72
2015-08-19,USDA_GULF_VESSEL,90.26
2015-08-26,USDA_GULF_VESSEL,91.53
2015-09-02,USDA_GULF_VESSEL,91.53
2015-09-09,USDA_GULF_VESSEL,91.53
2015-09-16,USDA_GULF_VESSEL,87.72
2015-09-23,USDA_GULF_VESSEL,86.45
2015-09-30,USDA_GULF_VESSEL,84.54
2015-10-07,USDA_GULF_VESSEL,83.91
2015-10-14,USDA_GULF_VESSEL,83.91
2015-10-21,USDA_GULF_VESSEL,84.54
2015-10-28,USDA_GULF_VESSEL,76.91
2015-11-04,USDA_GULF_VESSEL,78.18
2015-11-11,USDA_GULF_VESSEL,78.18
2015-11-18,USDA_GULF_VESSEL,77.55
2015-11-25,USDA_GULF_VESSEL,75.01
2015-12-02,USDA_GULF_VESSEL,0.0
2015-12-09,USDA_GULF_VESSEL,67.38
2015-12-16,USDA_GULF_VESSEL,64.84
2015-12-23,USDA_GULF_VESSEL,64.2
2015-12-30,USDA_GULF_VESSEL,0.0
2016-01-06,USDA_GULF_VESSEL,64.2
2016-01-13,USDA_GULF_VESSEL,64.2
2016-01-20,USDA_GULF_VESSEL,62.29
2016-01-27,USDA_GULF_VESSEL,59.12
2016-02-03,USDA_GULF_VESSEL,57.84
2016-02-10,USDA_GULF_VESSEL,57.21
2016-02-17,USDA_GULF_VESSEL,57.84
2016-02-24,USDA_GULF_VESSEL,57.21
2016-03-02,USDA_GULF_VESSEL,57.21
2016-03-09,USDA_GULF_VESSEL,57.84
2016-03-16,USDA_GULF_VESSEL,59.75
2016-03-23,USDA_GULF_VESSEL,58.48
2016-03-30,USDA_GULF_VESSEL,58.48
2016-04-06,USDA_GULF_VESSEL,59.75
2016-04-13,USDA_GULF_VESSEL,61.02
2016-04-20,USDA_GULF_VESSEL,62.29
2016-04-27,USDA_GULF_VESSEL,63.56
2016-05-04,USDA_GULF_VESSEL,63.56
2016-05-11,USDA_GULF_VESSEL,63.56
2016-05-18,USDA_GULF_VESSEL,64.84
2016-05-25,USDA_GULF_VESSEL,67.38
2016-06-01,USDA_GULF_VESSEL,69.29
2016-06-08,USDA_GULF_VESSEL,71.19
2016-06-15,USDA_GULF_VESSEL,71.83
2016-06-22,USDA_GULF_VESSEL,71.83
2016-06-29,USDA_GULF_VESSEL,73.1
2016-07-06,USDA_GULF_VESSEL,74.37
2016-07-13,USDA_GULF_VESSEL,79.46
2016-07-20,USDA_GULF_VESSEL,79.46
2016-07-27,USDA_GULF_VESSEL,79.46
2016-08-03,USDA_GULF_VESSEL,75.01
2016-08-10,USDA_GULF_VESSEL,71.83
2016-08-17,USDA_GULF_VESSEL,71.83
2016-08-24,USDA_GULF_VESSEL,74.37
2016-08-31,USDA_GULF_VESSEL,75.01
2016-09-07,USDA_GULF_VESSEL,76.28
2016-09-14,USDA_GULF_VESSEL,77.55
2016-09-21,USDA_GULF_VESSEL,76.28
2016-09-28,USDA_GULF_VESSEL,76.91
2016-10-05,USDA_GULF_VESSEL,76.28
2016-10-12,USDA_GULF_VESSEL,75.64
2016-10-19,USDA_GULF_VESSEL,76.91
2016-10-26,USDA_GULF_VESSEL,80.73
2016-11-02,USDA_GULF_VESSEL,80.73
2016-11-09,USDA_GULF_VESSEL,80.73
2016-11-16,USDA_GULF_VESSEL,81.36
2016-11-23,USDA_GULF_VESSEL,90.26
2016-11-30,USDA_GULF_VESSEL,90.26
2016-12-07,USDA_GULF_VESSEL,94.08
2016-12-14,USDA_GULF_VESSEL,95.35
2016-12-21,USDA_GULF_VESSEL,93.44
2016-12-28,USDA_GULF_VESSEL,90.26
2017-01-04,USDA_GULF_VESSEL,90.26
2017-01-11,USDA_GULF_VESSEL,88.99
2017-01-18,USDA_GULF_VESSEL,88.99
2017-01-25,USDA_GULF_VESSEL,89.63
2017-02-01,USDA_GULF_VESSEL,90.26
2017-02-08,USDA_GULF_VESSEL,89.63
2017-02-15,USDA_GULF_VESSEL,90.9
2017-02-22,USDA_GULF_VESSEL,90.9
2017-03-01,USDA_GULF_VESSEL,92.8
2017-03-08,USDA_GULF_VESSEL,94.71
2017-03-15,USDA_GULF_VESSEL,99.16
2017-03-22,USDA_GULF_VESSEL,97.89
2017-03-29,USDA_GULF_VESSEL,96.62
2017-04-05,USDA_GULF_VESSEL,99.16
2017-04-12,USDA_GULF_VESSEL,99.16
2017-04-19,USDA_GULF_VESSEL,102.34
2017-04-26,USDA_GULF_VESSEL,102.97
2017-05-03,USDA_GULF_VESSEL,101.07
2017-05-10,USDA_GULF_VESSEL,98.53
2017-05-17,USDA_GULF_VESSEL,97.25
2017-05-24,USDA_GULF_VESSEL,94.71
2017-05-31,USDA_GULF_VESSEL,94.08
2017-06-07,USDA_GULF_VESSEL,92.8
2017-06-14,USDA_GULF_VESSEL,91.53
2017-06-21,USDA_GULF_VESSEL,92.17
2017-06-28,USDA_GULF_VESSEL,93.44
2017-07-05,USDA_GULF_VESSEL,94.71
2017-07-12,USDA_GULF_VESSEL,94.08
2017-07-19,USDA_GULF_VESSEL,95.35
2017-07-26,USDA_GULF_VESSEL,97.25
2017-08-02,USDA_GULF_VESSEL,95.35
2017-08-09,USDA_GULF_VESSEL,94.08
2017-08-16,USDA_GULF_VESSEL,94.08
2017-08-23,USDA_GULF_VESSEL,99.16
2017-08-30,USDA_GULF_VESSEL,100.43
2017-09-06,USDA_GULF_VESSEL,98.53
2017-09-13,USDA_GULF_VESSEL,101.7
2017-09-20,USDA_GULF_VESSEL,108.06
2017-09-27,USDA_GULF_VESSEL,108.7
2017-10-04,USDA_GULF_VESSEL,107.42
2017-10-11,USDA_GULF_VESSEL,105.52
2017-10-18,USDA_GULF_VESSEL,108.06
2017-10-25,USDA_GULF_VESSEL,111.87
2017-11-01,USDA_GULF_VESSEL,110.6
2017-11-08,USDA_GULF_VESSEL,109.33
2017-11-15,USDA_GULF_VESSEL,109.33
2017-11-22,USDA_GULF_VESSEL,107.42
2017-12-06,USDA_GULF_VESSEL,112.51
2017-12-13,USDA_GULF_VESSEL,112.51
2017-12-20,USDA_GULF_VESSEL,115.69
2017-12-27,USDA_GULF_VESSEL,112.51
2018-01-10,USDA_GULF_VESSEL,109.33
2018-01-17,USDA_GULF_VESSEL,113.78
2018-01-24,USDA_GULF_VESSEL,113.15
2018-01-31,USDA_GULF_VESSEL,113.78
2018-02-07,USDA_GULF_VESSEL,112.51
2018-02-14,USDA_GULF_VESSEL,109.33
2018-02-21,USDA_GULF_VESSEL,109.33
2018-02-28,USDA_GULF_VESSEL,111.87
2018-03-07,USDA_GULF_VESSEL,113.15
2018-03-14,USDA_GULF_VESSEL,114.42
2018-03-21,USDA_GULF_VESSEL,115.05
2018-03-28,USDA_GULF_VESSEL,115.05
2018-04-04,USDA_GULF_VESSEL,114.42
2018-04-11,USDA_GULF_VESSEL,111.87
2018-04-18,USDA_GULF_VESSEL,111.87
2018-04-25,USDA_GULF_VESSEL,111.87
2018-05-02,USDA_GULF_VESSEL,112.51
2018-05-09,USDA_GULF_VESSEL,112.51
2018-05-16,USDA_GULF_VESSEL,111.87
2018-05-23,USDA_GULF_VESSEL,111.87
2018-05-30,USDA_GULF_VESSEL,110.6
2018-06-06,USDA_GULF_VESSEL,106.79
2018-06-13,USDA_GULF_VESSEL,109.33
2018-06-20,USDA_GULF_VESSEL,111.87
2018-06-27,USDA_GULF_VESSEL,110.6
2018-07-04,USDA_GULF_VESSEL,109.97
2018-07-11,USDA_GULF_VESSEL,110.6
2018-07-18,USDA_GULF_VESSEL,111.87
2018-07-25,USDA_GULF_VESSEL,111.87
2018-08-01,USDA_GULF_VESSEL,111.87
2018-08-08,USDA_GULF_VESSEL,111.24
2018-08-15,USDA_GULF_VESSEL,111.87
2018-08-22,USDA_GULF_VESSEL,114.42
2018-08-29,USDA_GULF_VESSEL,116.96
2018-09-05,USDA_GULF_VESSEL,116.96
2018-09-12,USDA_GULF_VESSEL,116.96
2018-09-19,USDA_GULF_VESSEL,117.59
2018-09-26,USDA_GULF_VESSEL,118.87
2018-10-03,USDA_GULF_VESSEL,120.14
2018-10-10,USDA_GULF_VESSEL,120.77
2018-10-17,USDA_GULF_VESSEL,125.86
2018-10-24,USDA_GULF_VESSEL,126.49
2018-10-31,USDA_GULF_VESSEL,125.22
2018-11-07,USDA_GULF_VESSEL,124.59
2018-11-14,USDA_GULF_VESSEL,123.32
2018-11-21,USDA_GULF_VESSEL,122.04
2018-11-28,USDA_GULF_VESSEL,0.0
2018-12-05,USDA_GULF_VESSEL,122.04
2018-12-12,USDA_GULF_VESSEL,122.04
2018-12-19,USDA_GULF_VESSEL,122.04
2018-12-26,USDA_GULF_VESSEL,122.04
2019-01-02,USDA_GULF_VESSEL,0.0
2019-01-09,USDA_GULF_VESSEL,119.5
2019-01-16,USDA_GULF_VESSEL,114.42
2019-01-23,USDA_GULF_VESSEL,109.33
2019-01-30,USDA_GULF_VESSEL,104.25
2019-02-06,USDA_GULF_VESSEL,99.16
2019-02-13,USDA_GULF_VESSEL,96.62
2019-02-20,USDA_GULF_VESSEL,99.16
2019-02-27,USDA_GULF_VESSEL,99.8
2019-03-06,USDA_GULF_VESSEL,100.43
2019-03-13,USDA_GULF_VESSEL,101.7
2019-03-20,USDA_GULF_VESSEL,101.7
2019-03-27,USDA_GULF_VESSEL,104.25
2019-04-03,USDA_GULF_VESSEL,105.52
2019-04-10,USDA_GULF_VESSEL,106.79
2019-04-17,USDA_GULF_VESSEL,106.79
2019-04-24,USDA_GULF_VESSEL,106.79
2019-05-01,USDA_GULF_VESSEL,107.42
2019-05-08,USDA_GULF_VESSEL,108.06
2019-05-15,USDA_GULF_VESSEL,108.06
2019-05-22,USDA_GULF_VESSEL,109.33
2019-05-29,USDA_GULF_VESSEL,110.6
2019-06-05,USDA_GULF_VESSEL,111.87
2019-06-12,USDA_GULF_VESSEL,111.24
2019-06-19,USDA_GULF_VESSEL,109.97
2019-06-26,USDA_GULF_VESSEL,108.7
2019-07-03,USDA_GULF_VESSEL,109.33
2019-07-10,USDA_GULF_VESSEL,113.15
2019-07-17,USDA_GULF_VESSEL,118.23
2019-07-24,USDA_GULF_VESSEL,125.86
2019-07-31,USDA_GULF_VESSEL,128.4
2019-08-07,USDA_GULF_VESSEL,125.86
2019-08-14,USDA_GULF_VESSEL,124.59
2019-08-21,USDA_GULF_VESSEL,128.4
2019-08-28,USDA_GULF_VESSEL,129.67
2019-09-04,USDA_GULF_VESSEL,131.58
2019-09-11,USDA_GULF_VESSEL,133.49
2019-09-18,USDA_GULF_VESSEL,132.21
2019-09-25,USDA_GULF_VESSEL,132.85
2019-10-02,USDA_GULF_VESSEL,130.94
2019-10-09,USDA_GULF_VESSEL,130.31
2019-10-16,USDA_GULF_VESSEL,130.94
2019-10-23,USDA_GULF_VESSEL,130.94
2019-10-30,USDA_GULF_VESSEL,128.4
2019-11-06,USDA_GULF_VESSEL,125.86
2019-11-13,USDA_GULF_VESSEL,123.32
2019-11-20,USDA_GULF_VESSEL,118.23
2019-11-27,USDA_GULF_VESSEL,117.59
2019-12-11,USDA_GULF_VESSEL,118.87
2019-12-18,USDA_GULF_VESSEL,120.14
2019-12-25,USDA_GULF_VESSEL,118.23
2020-01-08,USDA_GULF_VESSEL,116.32
2020-01-15,USDA_GULF_VESSEL,114.42
2020-01-22,USDA_GULF_VESSEL,116.96
2020-01-29,USDA_GULF_VESSEL,115.69
2020-02-05,USDA_GULF_VESSEL,114.42
2020-02-12,USDA_GULF_VESSEL,106.79
2020-02-19,USDA_GULF_VESSEL,108.7
2020-02-26,USDA_GULF_VESSEL,109.97
2020-03-04,USDA_GULF_VESSEL,110.6
2020-03-11,USDA_GULF_VESSEL,111.24
2020-03-18,USDA_GULF_VESSEL,109.97
2020-03-25,USDA_GULF_VESSEL,104.88
2020-04-01,USDA_GULF_VESSEL,99.16
2020-04-08,USDA_GULF_VESSEL,98.53
2020-04-15,USDA_GULF_VESSEL,98.53
2020-04-22,USDA_GULF_VESSEL,97.25
2020-04-29,USDA_GULF_VESSEL,94.71
2020-05-06,USDA_GULF_VESSEL,91.53
2020-05-13,USDA_GULF_VESSEL,88.99
2020-05-20,USDA_GULF_VESSEL,86.45
2020-05-27,USDA_GULF_VESSEL,86.45
2020-06-03,USDA_GULF_VESSEL,87.08
2020-06-10,USDA_GULF_VESSEL,88.99
2020-06-17,USDA_GULF_VESSEL,90.26
2020-06-24,USDA_GULF_VESSEL,95.98
2020-07-01,USDA_GULF_VESSEL,99.8
2020-07-08,USDA_GULF_VESSEL,100.43
2020-07-15,USDA_GULF_VESSEL,100.43
2020-07-22,USDA_GULF_VESSEL,108.06
2020-07-29,USDA_GULF_VESSEL,105.52
2020-08-05,USDA_GULF_VESSEL,105.52
2020-08-12,USDA_GULF_VESSEL,108.06
2020-08-19,USDA_GULF_VESSEL,113.15
2020-08-26,USDA_GULF_VESSEL,113.15
2020-09-02,USDA_GULF_VESSEL,114.42
2020-09-09,USDA_GULF_VESSEL,114.42
2020-09-16,USDA_GULF_VESSEL,111.87
2020-09-23,USDA_GULF_VESSEL,110.6
2020-09-30,USDA_GULF_VESSEL,109.97
2020-10-07,USDA_GULF_VESSEL,109.97
2020-10-14,USDA_GULF_VESSEL,109.97
2020-10-21,USDA_GULF_VESSEL,109.33
2020-10-28,USDA_GULF_VESSEL,108.06
2020-11-04,USDA_GULF_VESSEL,108.06
2020-11-11,USDA_GULF_VESSEL,107.42
2020-11-18,USDA_GULF_VESSEL,104.88
2020-11-25,USDA_GULF_VESSEL,105.52
2020-12-09,USDA_GULF_VESSEL,105.52
2020-12-16,USDA_GULF_VESSEL,105.52
2020-12-23,USDA_GULF_VESSEL,106.79
2021-01-06,USDA_GULF_VESSEL,106.79
2021-01-13,USDA_GULF_VESSEL,109.97
2021-01-20,USDA_GULF_VESSEL,116.96
2021-01-27,USDA_GULF_VESSEL,117.59
2021-02-03,USDA_GULF_VESSEL,118.23
2021-02-10,USDA_GULF_VESSEL,118.87
2021-02-17,USDA_GULF_VESSEL,124.59
2021-02-24,USDA_GULF_VESSEL,137.3
2021-03-03,USDA_GULF_VESSEL,146.2
2021-03-10,USDA_GULF_VESSEL,146.2
2021-03-17,USDA_GULF_VESSEL,146.83
2021-03-24,USDA_GULF_VESSEL,153.19
2021-03-31,USDA_GULF_VESSEL,156.37
2021-04-07,USDA_GULF_VESSEL,156.37
2021-04-14,USDA_GULF_VESSEL,155.1
2021-04-21,USDA_GULF_VESSEL,147.47
2021-04-28,USDA_GULF_VESSEL,158.91
2021-05-05,USDA_GULF_VESSEL,160.18
2021-05-12,USDA_GULF_VESSEL,165.27
2021-05-19,USDA_GULF_VESSEL,170.35
2021-05-26,USDA_GULF_VESSEL,167.81
2021-06-02,USDA_GULF_VESSEL,167.81
2021-06-09,USDA_GULF_VESSEL,167.81
2021-06-16,USDA_GULF_VESSEL,172.9
2021-06-23,USDA_GULF_VESSEL,186.88
2021-06-30,USDA_GULF_VESSEL,190.69
2021-07-07,USDA_GULF_VESSEL,208.49
2021-07-14,USDA_GULF_VESSEL,216.12
2021-07-21,USDA_GULF_VESSEL,213.58
2021-07-28,USDA_GULF_VESSEL,205.95
2021-08-04,USDA_GULF_VESSEL,205.95
2021-08-11,USDA_GULF_VESSEL,200.86
2021-08-18,USDA_GULF_VESSEL,200.86
2021-08-25,USDA_GULF_VESSEL,207.22
2021-09-01,USDA_GULF_VESSEL,208.49
2021-09-08,USDA_GULF_VESSEL,209.13
2021-09-15,USDA_GULF_VESSEL,204.04
2021-09-22,USDA_GULF_VESSEL,207.22
2021-09-29,USDA_GULF_VESSEL,209.76
2021-10-06,USDA_GULF_VESSEL,214.21
2021-10-13,USDA_GULF_VESSEL,214.21
2021-10-20,USDA_GULF_VESSEL,215.48
2021-10-27,USDA_GULF_VESSEL,231.38
2021-11-03,USDA_GULF_VESSEL,227.56
2021-11-10,USDA_GULF_VESSEL,214.85
2021-11-17,USDA_GULF_VESSEL,198.32
2021-11-24,USDA_GULF_VESSEL,177.98
2021-12-08,USDA_GULF_VESSEL,180.52
2021-12-15,USDA_GULF_VESSEL,184.34
2021-12-22,USDA_GULF_VESSEL,177.98
2022-01-05,USDA_GULF_VESSEL,175.44
2022-01-12,USDA_GULF_VESSEL,179.25
2022-01-19,USDA_GULF_VESSEL,174.17
2022-01-26,USDA_GULF_VESSEL,164.0
2022-02-02,USDA_GULF_VESSEL,158.91
2022-02-09,USDA_GULF_VESSEL,155.1
2022-02-16,USDA_GULF_VESSEL,165.27
2022-02-23,USDA_GULF_VESSEL,167.81
2022-03-02,USDA_GULF_VESSEL,174.17
2022-03-09,USDA_GULF_VESSEL,180.52
2022-03-16,USDA_GULF_VESSEL,200.86
2022-03-23,USDA_GULF_VESSEL,189.42
2022-03-30,USDA_GULF_VESSEL,199.59
2022-04-06,USDA_GULF_VESSEL,199.59
2022-04-13,USDA_GULF_VESSEL,197.05
2022-04-20,USDA_GULF_VESSEL,199.59
2022-04-27,USDA_GULF_VESSEL,200.86
2022-05-04,USDA_GULF_VESSEL,200.86
2022-05-11,USDA_GULF_VESSEL,202.14
2022-05-18,USDA_GULF_VESSEL,208.49
2022-05-25,USDA_GULF_VESSEL,209.76
2022-06-01,USDA_GULF_VESSEL,207.22
2022-06-08,USDA_GULF_VESSEL,204.04
2022-06-15,USDA_GULF_VESSEL,202.14
2022-06-22,USDA_GULF_VESSEL,202.14
2022-06-29,USDA_GULF_VESSEL,200.86
2022-07-06,USDA_GULF_VESSEL,194.51
2022-07-13,USDA_GULF_VESSEL,190.69
2022-07-20,USDA_GULF_VESSEL,180.52
2022-07-27,USDA_GULF_VESSEL,175.44
2022-08-03,USDA_GULF_VESSEL,174.17
2022-08-10,USDA_GULF_VESSEL,169.08
2022-08-17,USDA_GULF_VESSEL,166.54
2022-08-24,USDA_GULF_VESSEL,160.18
2022-08-31,USDA_GULF_VESSEL,156.37
2022-09-07,USDA_GULF_VESSEL,144.93
2022-09-14,USDA_GULF_VESSEL,147.47
2022-09-21,USDA_GULF_VESSEL,156.37
2022-09-28,USDA_GULF_VESSEL,155.1
2022-10-05,USDA_GULF_VESSEL,155.1
2022-10-12,USDA_GULF_VESSEL,155.73
2022-10-19,USDA_GULF_VESSEL,162.09
2022-10-26,USDA_GULF_VESSEL,160.82
2022-11-02,USDA_GULF_VESSEL,157.64
2022-11-09,USDA_GULF_VESSEL,147.47
2022-11-16,USDA_GULF_VESSEL,146.2
2022-11-23,USDA_GULF_VESSEL,147.47
2022-12-07,USDA_GULF_VESSEL,144.93
2022-12-14,USDA_GULF_VESSEL,145.56
2022-12-21,USDA_GULF_VESSEL,144.93
2023-01-04,USDA_GULF_VESSEL,142.38
2023-01-11,USDA_GULF_VESSEL,137.3
2023-01-18,USDA_GULF_VESSEL,132.85
2023-01-25,USDA_GULF_VESSEL,130.94
2023-02-01,USDA_GULF_VESSEL,130.94
2023-02-08,USDA_GULF_VESSEL,127.13
2023-02-15,USDA_GULF_VESSEL,122.04
2023-02-22,USDA_GULF_VESSEL,121.41
2023-03-01,USDA_GULF_VESSEL,123.32
2023-03-08,USDA_GULF_VESSEL,133.49
2023-03-15,USDA_GULF_VESSEL,133.49
2023-03-22,USDA_GULF_VESSEL,136.03
2023-03-29,USDA_GULF_VESSEL,132.21
2023-04-05,USDA_GULF_VESSEL,132.21
2023-04-12,USDA_GULF_VESSEL,141.11
2023-04-19,USDA_GULF_VESSEL,141.75
2023-04-26,USDA_GULF_VESSEL,139.21
2023-05-03,USDA_GULF_VESSEL,139.21
2023-05-10,USDA_GULF_VESSEL,135.39
2023-05-17,USDA_GULF_VESSEL,130.31
2023-05-24,USDA_GULF_VESSEL,129.67
2023-05-31,USDA_GULF_VESSEL,127.13
2023-06-07,USDA_GULF_VESSEL,122.04
2023-06-14,USDA_GULF_VESSEL,122.04
2023-06-21,USDA_GULF_VESSEL,123.32
2023-06-28,USDA_GULF_VESSEL,123.32
2023-07-05,USDA_GULF_VESSEL,120.77
2023-07-12,USDA_GULF_VESSEL,117.59
2023-07-19,USDA_GULF_VESSEL,118.87
2023-07-26,USDA_GULF_VESSEL,118.23
2023-08-02,USDA_GULF_VESSEL,114.42
2023-08-09,USDA_GULF_VESSEL,118.23
2023-08-16,USDA_GULF_VESSEL,122.04
2023-08-23,USDA_GULF_VESSEL,132.21
2023-08-30,USDA_GULF_VESSEL,132.21
2023-09-06,USDA_GULF_VESSEL,136.03
2023-09-13,USDA_GULF_VESSEL,137.3
2023-09-20,USDA_GULF_VESSEL,137.3
2023-09-27,USDA_GULF_VESSEL,146.2
2023-10-04,USDA_GULF_VESSEL,146.2
2023-10-11,USDA_GULF_VESSEL,146.2
2023-10-18,USDA_GULF_VESSEL,144.93
2023-10-25,USDA_GULF_VESSEL,144.93
2023-11-01,USDA_GULF_VESSEL,144.93
2023-11-08,USDA_GULF_VESSEL,142.38
2023-11-15,USDA_GULF_VESSEL,142.38
2023-11-22,USDA_GULF_VESSEL,144.93
2023-12-06,USDA_GULF_VESSEL,159.55
2023-12-13,USDA_GULF_VESSEL,162.09
2023-12-20,USDA_GULF_VESSEL,154.46
2024-01-03,USDA_GULF_VESSEL,154.46
2024-01-10,USDA_GULF_VESSEL,154.46
2024-01-17,USDA_GULF_VESSEL,146.83
2024-01-24,USDA_GULF_VESSEL,146.83
2024-01-31,USDA_GULF_VESSEL,150.01
2024-02-07,USDA_GULF_VESSEL,148.74
2024-02-14,USDA_GULF_VESSEL,148.11
2024-02-21,USDA_GULF_VESSEL,149.38
2024-02-28,USDA_GULF_VESSEL,152.56
2024-03-06,USDA_GULF_VESSEL,150.65
2024-03-13,USDA_GULF_VESSEL,153.19
2024-03-20,USDA_GULF_VESSEL,155.73
2024-03-27,USDA_GULF_VESSEL,160.18
2024-04-03,USDA_GULF_VESSEL,158.28
2024-04-10,USDA_GULF_VESSEL,155.73
2024-04-17,USDA_GULF_VESSEL,151.92
2024-04-24,USDA_GULF_VESSEL,157.0
2024-05-01,USDA_GULF_VESSEL,157.64
2024-05-08,USDA_GULF_VESSEL,157.64
2024-05-15,USDA_GULF_VESSEL,161.45
2024-05-22,USDA_GULF_VESSEL,157.64
2024-05-29,USDA_GULF_VESSEL,156.37
2024-06-05,USDA_GULF_VESSEL,152.56
2024-06-12,USDA_GULF_VESSEL,151.28
2024-06-19,USDA_GULF_VESSEL,152.56
2024-06-26,USDA_GULF_VESSEL,153.19
2024-07-03,USDA_GULF_VESSEL,153.19
2024-07-10,USDA_GULF_VESSEL,152.56
2024-07-17,USDA_GULF_VESSEL,150.01
2024-07-24,USDA_GULF_VESSEL,152.56
2024-07-31,USDA_GULF_VESSEL,152.56
2024-08-07,USDA_GULF_VESSEL,153.83
2024-08-14,USDA_GULF_VESSEL,152.56
2024-08-21,USDA_GULF_VESSEL,151.28
2024-08-28,USDA_GULF_VESSEL,145.56
2024-09-04,USDA_GULF_VESSEL,142.38
2024-09-11,USDA_GULF_VESSEL,142.38
2024-09-18,USDA_GULF_VESSEL,139.21
2024-09-25,USDA_GULF_VESSEL,141.11
2024-10-02,USDA_GULF_VESSEL,142.38
2024-10-09,USDA_GULF_VESSEL,140.48
2024-10-16,USDA_GULF_VESSEL,140.48
2024-10-23,USDA_GULF_VESSEL,137.94
2024-10-30,USDA_GULF_VESSEL,132.85
2024-11-06,USDA_GULF_VESSEL,130.31
2024-11-13,USDA_GULF_VESSEL,127.77
2024-11-20,USDA_GULF_VESSEL,126.49
2024-11-27,USDA_GULF_VESSEL,123.32
2024-12-11,USDA_GULF_VESSEL,116.96
2024-12-18,USDA_GULF_VESSEL,118.23
2024-12-25,USDA_GULF_VESSEL,116.32
2025-01-08,USDA_GULF_VESSEL,116.32
2025-01-15,USDA_GULF_VESSEL,117.59
2025-01-22,USDA_GULF_VESSEL,116.32
2025-01-29,USDA_GULF_VESSEL,115.05
2025-02-05,USDA_GULF_VESSEL,113.78
2025-02-12,USDA_GULF_VESSEL,115.69
2025-02-19,USDA_GULF_VESSEL,117.59
2025-02-26,USDA_GULF_VESSEL,117.59
2025-03-05,USDA_GULF_VESSEL,118.23
2025-03-12,USDA_GULF_VESSEL,117.59
2025-03-19,USDA_GULF_VESSEL,117.59
2025-03-26,USDA_GULF_VESSEL,120.77
2025-04-02,USDA_GULF_VESSEL,121.41
2025-04-09,USDA_GULF_VESSEL,121.41
2025-04-16,USDA_GULF_VESSEL,116.96
2025-04-23,USDA_GULF_VESSEL,115.05
2025-04-30,USDA_GULF_VESSEL,116.32
2025-05-07,USDA_GULF_VESSEL,117.59
2025-05-14,USDA_GULF_VESSEL,117.59
2025-05-21,USDA_GULF_VESSEL,117.59
2025-05-28,USDA_GULF_VESSEL,117.59
2025-06-04,USDA_GULF_VESSEL,116.96
2025-06-11,USDA_GULF_VESSEL,116.32
2025-06-18,USDA_GULF_VESSEL,117.59
2025-06-25,USDA_GULF_VESSEL,121.41
2025-07-02,USDA_GULF_VESSEL,121.41
2025-07-09,USDA_GULF_VESSEL,122.68
2025-07-16,USDA_GULF_VESSEL,123.95
2025-07-23,USDA_GULF_VESSEL,134.12
2025-07-30,USDA_GULF_VESSEL,138.57
2025-08-06,USDA_GULF_VESSEL,138.57
2025-08-13,USDA_GULF_VESSEL,137.3
2025-08-20,USDA_GULF_VESSEL,136.03
2025-08-27,USDA_GULF_VESSEL,135.39
2025-09-03,USDA_GULF_VESSEL,142.38
2025-09-10,USDA_GULF_VESSEL,142.38
2025-09-17,USDA_GULF_VESSEL,145.56
2025-09-24,USDA_GULF_VESSEL,147.47
2025-10-01,USDA_GULF_VESSEL,145.56
2025-10-08,USDA_GULF_VESSEL,143.66
2025-10-15,USDA_GULF_VESSEL,143.02
2025-10-22,USDA_GULF_VESSEL,144.93
2025-10-29,USDA_GULF_VESSEL,145.56
2025-11-05,USDA_GULF_VESSEL,144.93
2025-11-12,USDA_GULF_VESSEL,142.38
2025-11-19,USDA_GULF_VESSEL,143.66
2025-11-26,USDA_GULF_VESSEL,144.93
2025-12-10,USDA_GULF_VESSEL,144.93
2025-12-17,USDA_GULF_VESSEL,142.38
2025-12-24,USDA_GULF_VESSEL,137.94
2026-01-07,USDA_GULF_VESSEL,127.13
2026-01-14,USDA_GULF_VESSEL,124.59
2026-01-21,USDA_GULF_VESSEL,125.22
2026-01-28,USDA_GULF_VESSEL,129.04
2026-02-04,USDA_GULF_VESSEL,131.58
2026-02-11,USDA_GULF_VESSEL,136.66
2026-02-18,USDA_GULF_VESSEL,137.94
2026-02-25,USDA_GULF_VESSEL,137.94
2026-03-04,USDA_GULF_VESSEL,138.57
2026-03-11,USDA_GULF_VESSEL,147.47
2026-03-18,USDA_GULF_VESSEL,153.22
2026-03-25,USDA_GULF_VESSEL,158.28
2026-04-01,USDA_GULF_VESSEL,155.73
2026-04-08,USDA_GULF_VESSEL,161.45
2026-04-15,USDA_GULF_VESSEL,164.63
2026-04-22,USDA_GULF_VESSEL,170.35
2026-04-29,USDA_GULF_VESSEL,169.08
2026-05-06,USDA_GULF_VESSEL,170.99
2026-05-13,USDA_GULF_VESSEL,172.9
2026-05-20,USDA_GULF_VESSEL,183.07
2026-05-27,USDA_GULF_VESSEL,180.52
2026-06-03,USDA_GULF_VESSEL,183.7
2026-06-10,USDA_GULF_VESSEL,182.43
2026-06-17,USDA_GULF_VESSEL,183.07
2026-06-24,USDA_GULF_VESSEL,181.8
2026-07-01,USDA_GULF_VESSEL,176.71
2026-07-08,USDA_GULF_VESSEL,171.62
2026-07-15,USDA_GULF_VESSEL,174.17
2026-07-22,USDA_GULF_VESSEL,176.71
2026-07-29,USDA_GULF_VESSEL,177.35
2026-08-05,USDA_GULF_VESSEL,176.71
2026-08-12,USDA_GULF_VESSEL,181.8
2026-08-19,USDA_GULF_VESSEL,184.97
2026-08-26,USDA_GULF_VESSEL,185.61
2026-09-02,USDA_GULF_VESSEL,189.42
2026-09-09,USDA_GULF_VESSEL,193.87
2005-01-05,USDA_PNW_VESSEL,173.16
2005-01-12,USDA_PNW_VESSEL,185.85
2005-01-19,USDA_PNW_VESSEL,175.28
2005-01-26,USDA_PNW_VESSEL,162.37
2005-02-02,USDA_PNW_VESSEL,169.22
2005-02-09,USDA_PNW_VESSEL,160.47
2005-02-16,USDA_PNW_VESSEL,172.53
2005-02-23,USDA_PNW_VESSEL,193.04
2005-03-02,USDA_PNW_VESSEL,185.33
2005-03-09,USDA_PNW_VESSEL,189.55
2005-03-16,USDA_PNW_VESSEL,190.6
2005-03-23,USDA_PNW_VESSEL,183.87
2005-03-30,USDA_PNW_VESSEL,182.24
2005-04-06,USDA_PNW_VESSEL,168.56
2005-04-13,USDA_PNW_VESSEL,166.82
2005-04-20,USDA_PNW_VESSEL,163.84
2005-04-27,USDA_PNW_VESSEL,132.27
2005-05-04,USDA_PNW_VESSEL,125.97
2005-05-11,USDA_PNW_VESSEL,139.36
2005-05-18,USDA_PNW_VESSEL,128.62
2005-05-25,USDA_PNW_VESSEL,128.17
2005-06-01,USDA_PNW_VESSEL,126.13
2005-06-08,USDA_PNW_VESSEL,129.47
2005-06-15,USDA_PNW_VESSEL,119.48
2005-06-22,USDA_PNW_VESSEL,111.67
2005-06-29,USDA_PNW_VESSEL,112.25
2005-07-06,USDA_PNW_VESSEL,103.56
2005-07-13,USDA_PNW_VESSEL,102.68
2005-07-20,USDA_PNW_VESSEL,99.73
2005-07-27,USDA_PNW_VESSEL,91.62
2005-08-03,USDA_PNW_VESSEL,86.73
2005-08-10,USDA_PNW_VESSEL,92.45
2005-08-17,USDA_PNW_VESSEL,109.61
2005-08-24,USDA_PNW_VESSEL,119.27
2005-08-31,USDA_PNW_VESSEL,108.54
2005-09-07,USDA_PNW_VESSEL,103.05
2005-09-14,USDA_PNW_VESSEL,115.71
2005-09-21,USDA_PNW_VESSEL,126.14
2005-09-28,USDA_PNW_VESSEL,121.58
2005-10-05,USDA_PNW_VESSEL,119.05
2005-10-12,USDA_PNW_VESSEL,123.81
2005-10-19,USDA_PNW_VESSEL,120.63
2005-10-26,USDA_PNW_VESSEL,115.71
2005-11-02,USDA_PNW_VESSEL,117.1
2005-11-09,USDA_PNW_VESSEL,114.48
2005-11-16,USDA_PNW_VESSEL,113.03
2005-11-23,USDA_PNW_VESSEL,106.52
2005-11-30,USDA_PNW_VESSEL,111.92
2005-12-07,USDA_PNW_VESSEL,119.78
2005-12-14,USDA_PNW_VESSEL,126.43
2005-12-21,USDA_PNW_VESSEL,120.62
2005-12-28,USDA_PNW_VESSEL,119.59
2006-01-04,USDA_PNW_VESSEL,123.57
2006-01-11,USDA_PNW_VESSEL,121.95
2006-01-18,USDA_PNW_VESSEL,118.57
2006-01-25,USDA_PNW_VESSEL,109.28
2006-02-01,USDA_PNW_VESSEL,112.59
2006-02-08,USDA_PNW_VESSEL,116.66
2006-02-15,USDA_PNW_VESSEL,120.51
2006-02-22,USDA_PNW_VESSEL,129.79
2006-03-01,USDA_PNW_VESSEL,127.98
2006-03-08,USDA_PNW_VESSEL,131.89
2006-03-15,USDA_PNW_VESSEL,138.07
2006-03-22,USDA_PNW_VESSEL,130.3
2006-03-29,USDA_PNW_VESSEL,128.27
2006-04-05,USDA_PNW_VESSEL,123.11
2006-04-12,USDA_PNW_VESSEL,121.08
2006-04-19,USDA_PNW_VESSEL,120.36
2006-04-26,USDA_PNW_VESSEL,118.78
2006-05-03,USDA_PNW_VESSEL,117.77
2006-05-10,USDA_PNW_VESSEL,120.27
2006-05-17,USDA_PNW_VESSEL,120.96
2006-05-24,USDA_PNW_VESSEL,120.87
2006-05-31,USDA_PNW_VESSEL,122.84
2006-06-07,USDA_PNW_VESSEL,130.21
2006-06-14,USDA_PNW_VESSEL,138.1
2006-06-21,USDA_PNW_VESSEL,136.21
2006-06-28,USDA_PNW_VESSEL,143.86
2006-07-05,USDA_PNW_VESSEL,149.37
2006-07-12,USDA_PNW_VESSEL,143.09
2006-07-19,USDA_PNW_VESSEL,142.95
2006-07-26,USDA_PNW_VESSEL,145.46
2006-08-02,USDA_PNW_VESSEL,142.79
2006-08-09,USDA_PNW_VESSEL,152.29
2006-08-16,USDA_PNW_VESSEL,158.45
2006-08-23,USDA_PNW_VESSEL,158.28
2006-08-30,USDA_PNW_VESSEL,159.48
2006-09-06,USDA_PNW_VESSEL,167.97
2006-09-13,USDA_PNW_VESSEL,173.29
2006-09-20,USDA_PNW_VESSEL,187.46
2006-09-27,USDA_PNW_VESSEL,175.3
2006-10-04,USDA_PNW_VESSEL,183.5
2006-10-11,USDA_PNW_VESSEL,186.84
2006-10-18,USDA_PNW_VESSEL,184.4
2006-10-25,USDA_PNW_VESSEL,175.63
2006-11-01,USDA_PNW_VESSEL,179.67
2006-11-08,USDA_PNW_VESSEL,198.7
2006-11-15,USDA_PNW_VESSEL,194.5
2006-11-22,USDA_PNW_VESSEL,193.38
2006-11-29,USDA_PNW_VESSEL,195.11
2006-12-06,USDA_PNW_VESSEL,197.71
2006-12-13,USDA_PNW_VESSEL,188.76
2006-12-20,USDA_PNW_VESSEL,186.29
2006-12-27,USDA_PNW_VESSEL,187.21
2007-01-10,USDA_PNW_VESSEL,187.48
2007-01-17,USDA_PNW_VESSEL,194.77
2007-01-24,USDA_PNW_VESSEL,180.52
2007-01-31,USDA_PNW_VESSEL,175.77
2007-02-07,USDA_PNW_VESSEL,171.02
2007-02-14,USDA_PNW_VESSEL,175.77
2007-02-21,USDA_PNW_VESSEL,179.33
2007-02-28,USDA_PNW_VESSEL,181.71
2007-03-07,USDA_PNW_VESSEL,185.27
2007-03-14,USDA_PNW_VESSEL,190.02
2007-03-21,USDA_PNW_VESSEL,190.02
2007-03-28,USDA_PNW_VESSEL,191.21
2007-04-04,USDA_PNW_VESSEL,191.21
2007-04-11,USDA_PNW_VESSEL,191.21
2007-04-18,USDA_PNW_VESSEL,197.15
2007-04-25,USDA_PNW_VESSEL,201.9
2007-05-02,USDA_PNW_VESSEL,206.65
2007-05-09,USDA_PNW_VESSEL,211.4
2007-05-16,USDA_PNW_VESSEL,218.53
2007-05-23,USDA_PNW_VESSEL,211.4
2007-05-30,USDA_PNW_VESSEL,201.9
2007-06-06,USDA_PNW_VESSEL,197.15
2007-06-13,USDA_PNW_VESSEL,190.02
2007-06-20,USDA_PNW_VESSEL,185.27
2007-06-27,USDA_PNW_VESSEL,194.77
2007-07-04,USDA_PNW_VESSEL,242.28
2007-07-11,USDA_PNW_VESSEL,256.53
2007-07-18,USDA_PNW_VESSEL,285.04
2007-07-25,USDA_PNW_VESSEL,285.04
2007-08-01,USDA_PNW_VESSEL,280.29
2007-08-08,USDA_PNW_VESSEL,275.53
2007-08-15,USDA_PNW_VESSEL,268.41
2007-08-22,USDA_PNW_VESSEL,289.79
2007-08-29,USDA_PNW_VESSEL,280.29
2007-09-05,USDA_PNW_VESSEL,280.76
2007-09-12,USDA_PNW_VESSEL,323.04
2007-09-19,USDA_PNW_VESSEL,311.16
2007-09-26,USDA_PNW_VESSEL,318.29
2007-10-03,USDA_PNW_VESSEL,313.54
2007-10-10,USDA_PNW_VESSEL,325.42
2007-10-17,USDA_PNW_VESSEL,427.55
2007-10-24,USDA_PNW_VESSEL,427.55
2007-10-31,USDA_PNW_VESSEL,437.05
2007-11-07,USDA_PNW_VESSEL,441.81
2007-11-14,USDA_PNW_VESSEL,437.05
2007-11-21,USDA_PNW_VESSEL,427.55
2007-11-28,USDA_PNW_VESSEL,389.55
2007-12-05,USDA_PNW_VESSEL,389.55
2007-12-12,USDA_PNW_VESSEL,389.55
2007-12-19,USDA_PNW_VESSEL,370.55
2007-12-26,USDA_PNW_VESSEL,370.55
2008-01-02,USDA_PNW_VESSEL,370.55
2008-01-09,USDA_PNW_VESSEL,332.54
2008-01-16,USDA_PNW_VESSEL,323.04
2008-01-23,USDA_PNW_VESSEL,0.0
2008-01-30,USDA_PNW_VESSEL,0.0
2008-02-06,USDA_PNW_VESSEL,242.28
2008-02-13,USDA_PNW_VESSEL,256.53
2008-02-20,USDA_PNW_VESSEL,299.29
2008-02-27,USDA_PNW_VESSEL,294.54
2008-03-05,USDA_PNW_VESSEL,318.29
2008-03-12,USDA_PNW_VESSEL,327.79
2008-03-19,USDA_PNW_VESSEL,318.29
2008-03-26,USDA_PNW_VESSEL,313.54
2008-04-02,USDA_PNW_VESSEL,304.04
2008-04-09,USDA_PNW_VESSEL,294.54
2008-04-16,USDA_PNW_VESSEL,299.29
2008-04-23,USDA_PNW_VESSEL,308.79
2008-04-30,USDA_PNW_VESSEL,327.79
2008-05-07,USDA_PNW_VESSEL,323.04
2008-05-14,USDA_PNW_VESSEL,332.54
2008-05-21,USDA_PNW_VESSEL,342.04
2008-05-28,USDA_PNW_VESSEL,346.79
2008-06-04,USDA_PNW_VESSEL,370.55
2008-06-11,USDA_PNW_VESSEL,380.05
2008-06-18,USDA_PNW_VESSEL,370.55
2008-06-25,USDA_PNW_VESSEL,384.8
2008-07-02,USDA_PNW_VESSEL,389.55
2008-07-09,USDA_PNW_VESSEL,361.05
2008-07-16,USDA_PNW_VESSEL,361.05
2008-07-23,USDA_PNW_VESSEL,342.04
2008-07-30,USDA_PNW_VESSEL,313.54
2008-08-06,USDA_PNW_VESSEL,308.79
2008-08-13,USDA_PNW_VESSEL,275.53
2008-08-20,USDA_PNW_VESSEL,294.54
2008-08-27,USDA_PNW_VESSEL,285.04
2008-09-03,USDA_PNW_VESSEL,261.28
2008-09-10,USDA_PNW_VESSEL,251.78
2008-09-17,USDA_PNW_VESSEL,237.53
2008-09-24,USDA_PNW_VESSEL,285.04
2008-10-01,USDA_PNW_VESSEL,204.28
2008-10-08,USDA_PNW_VESSEL,166.27
2008-10-15,USDA_PNW_VESSEL,142.52
2008-10-22,USDA_PNW_VESSEL,90.26
2008-10-29,USDA_PNW_VESSEL,80.76
2008-11-05,USDA_PNW_VESSEL,80.76
2008-11-12,USDA_PNW_VESSEL,90.26
2008-11-19,USDA_PNW_VESSEL,90.26
2008-11-26,USDA_PNW_VESSEL,80.76
2008-12-03,USDA_PNW_VESSEL,68.88
2008-12-10,USDA_PNW_VESSEL,66.51
2008-12-17,USDA_PNW_VESSEL,61.76
2008-12-24,USDA_PNW_VESSEL,61.76
2008-12-31,USDA_PNW_VESSEL,61.76
2009-01-07,USDA_PNW_VESSEL,61.76
2009-01-14,USDA_PNW_VESSEL,64.13
2009-01-21,USDA_PNW_VESSEL,64.13
2009-01-28,USDA_PNW_VESSEL,68.88
2009-02-04,USDA_PNW_VESSEL,87.89
2009-02-11,USDA_PNW_VESSEL,97.39
2009-02-18,USDA_PNW_VESSEL,95.01
2009-02-25,USDA_PNW_VESSEL,90.26
2009-03-04,USDA_PNW_VESSEL,92.64
2009-03-11,USDA_PNW_VESSEL,109.26
2009-03-18,USDA_PNW_VESSEL,118.76
2009-03-25,USDA_PNW_VESSEL,95.01
2009-04-01,USDA_PNW_VESSEL,95.01
2009-04-08,USDA_PNW_VESSEL,80.76
2009-04-15,USDA_PNW_VESSEL,85.51
2009-04-22,USDA_PNW_VESSEL,109.26
2009-04-29,USDA_PNW_VESSEL,116.39
2009-05-06,USDA_PNW_VESSEL,99.76
2009-05-13,USDA_PNW_VESSEL,111.64
2009-05-20,USDA_PNW_VESSEL,125.89
2009-05-27,USDA_PNW_VESSEL,125.89
2009-06-03,USDA_PNW_VESSEL,147.27
2009-06-10,USDA_PNW_VESSEL,161.52
2009-06-17,USDA_PNW_VESSEL,166.27
2009-06-24,USDA_PNW_VESSEL,166.27
2009-07-01,USDA_PNW_VESSEL,147.27
2009-07-08,USDA_PNW_VESSEL,156.77
2009-07-15,USDA_PNW_VESSEL,147.27
2009-07-22,USDA_PNW_VESSEL,147.27
2009-07-29,USDA_PNW_VESSEL,156.77
2009-08-05,USDA_PNW_VESSEL,156.77
2009-08-12,USDA_PNW_VESSEL,142.52
2009-08-19,USDA_PNW_VESSEL,137.77
2009-08-26,USDA_PNW_VESSEL,133.02
2009-09-02,USDA_PNW_VESSEL,118.76
2009-09-09,USDA_PNW_VESSEL,137.77
2009-09-16,USDA_PNW_VESSEL,142.52
2009-09-23,USDA_PNW_VESSEL,149.64
2009-09-30,USDA_PNW_VESSEL,137.77
2009-10-07,USDA_PNW_VESSEL,140.14
2009-10-14,USDA_PNW_VESSEL,152.02
2009-10-21,USDA_PNW_VESSEL,159.14
2009-10-28,USDA_PNW_VESSEL,175.77
2009-11-04,USDA_PNW_VESSEL,175.77
2009-11-11,USDA_PNW_VESSEL,187.65
2009-11-18,USDA_PNW_VESSEL,204.28
2009-11-25,USDA_PNW_VESSEL,218.53
2009-12-02,USDA_PNW_VESSEL,209.03
2009-12-09,USDA_PNW_VESSEL,199.52
2009-12-16,USDA_PNW_VESSEL,185.27
2009-12-23,USDA_PNW_VESSEL,178.15
2009-12-30,USDA_PNW_VESSEL,175.77
2010-01-06,USDA_PNW_VESSEL,0.0
2010-01-13,USDA_PNW_VESSEL,199.52
2010-01-20,USDA_PNW_VESSEL,190.02
2010-01-27,USDA_PNW_VESSEL,185.27
2010-02-03,USDA_PNW_VESSEL,180.52
2010-02-10,USDA_PNW_VESSEL,175.77
2010-02-17,USDA_PNW_VESSEL,166.27
2010-02-24,USDA_PNW_VESSEL,175.77
2010-03-03,USDA_PNW_VESSEL,180.52
2010-03-10,USDA_PNW_VESSEL,204.28
2010-03-17,USDA_PNW_VESSEL,204.28
2010-03-24,USDA_PNW_VESSEL,204.28
2010-03-31,USDA_PNW_VESSEL,194.77
2010-04-07,USDA_PNW_VESSEL,190.02
2010-04-14,USDA_PNW_VESSEL,199.52
2010-04-21,USDA_PNW_VESSEL,194.77
2010-04-28,USDA_PNW_VESSEL,185.27
2010-05-05,USDA_PNW_VESSEL,190.02
2010-05-12,USDA_PNW_VESSEL,199.52
2010-05-19,USDA_PNW_VESSEL,204.28
2010-05-26,USDA_PNW_VESSEL,204.28
2010-06-02,USDA_PNW_VESSEL,194.77
2010-06-09,USDA_PNW_VESSEL,180.52
2010-06-16,USDA_PNW_VESSEL,175.77
2010-06-23,USDA_PNW_VESSEL,161.52
2010-06-30,USDA_PNW_VESSEL,156.77
2010-07-07,USDA_PNW_VESSEL,144.89
2010-07-14,USDA_PNW_VESSEL,128.27
2010-07-21,USDA_PNW_VESSEL,147.27
2010-07-28,USDA_PNW_VESSEL,152.02
2010-08-04,USDA_PNW_VESSEL,159.14
2010-08-11,USDA_PNW_VESSEL,156.77
2010-08-18,USDA_PNW_VESSEL,161.52
2010-08-25,USDA_PNW_VESSEL,171.02
2010-09-01,USDA_PNW_VESSEL,166.27
2010-09-08,USDA_PNW_VESSEL,166.27
2010-09-15,USDA_PNW_VESSEL,190.02
2010-09-22,USDA_PNW_VESSEL,166.27
2010-09-29,USDA_PNW_VESSEL,161.52
2010-10-06,USDA_PNW_VESSEL,152.02
2010-10-13,USDA_PNW_VESSEL,156.77
2010-10-20,USDA_PNW_VESSEL,152.02
2010-10-27,USDA_PNW_VESSEL,154.39
2010-11-03,USDA_PNW_VESSEL,166.27
2010-11-10,USDA_PNW_VESSEL,154.39
2010-11-17,USDA_PNW_VESSEL,163.9
2010-11-24,USDA_PNW_VESSEL,147.27
2010-12-01,USDA_PNW_VESSEL,144.89
2010-12-08,USDA_PNW_VESSEL,137.77
2010-12-15,USDA_PNW_VESSEL,147.27
2010-12-22,USDA_PNW_VESSEL,137.77
2010-12-29,USDA_PNW_VESSEL,128.27
2011-01-05,USDA_PNW_VESSEL,0.0
2011-01-12,USDA_PNW_VESSEL,137.77
2011-01-19,USDA_PNW_VESSEL,152.02
2011-01-26,USDA_PNW_VESSEL,133.02
2011-02-02,USDA_PNW_VESSEL,128.27
2011-02-09,USDA_PNW_VESSEL,137.77
2011-02-16,USDA_PNW_VESSEL,152.02
2011-02-23,USDA_PNW_VESSEL,156.77
2011-03-02,USDA_PNW_VESSEL,156.77
2011-03-09,USDA_PNW_VESSEL,161.52
2011-03-16,USDA_PNW_VESSEL,166.27
2011-03-23,USDA_PNW_VESSEL,171.02
2011-03-30,USDA_PNW_VESSEL,166.27
2011-04-06,USDA_PNW_VESSEL,161.52
2011-04-13,USDA_PNW_VESSEL,147.27
2011-04-20,USDA_PNW_VESSEL,142.52
2011-04-27,USDA_PNW_VESSEL,133.02
2011-05-04,USDA_PNW_VESSEL,142.52
2011-05-11,USDA_PNW_VESSEL,142.52
2011-05-18,USDA_PNW_VESSEL,142.52
2011-05-25,USDA_PNW_VESSEL,137.77
2011-06-01,USDA_PNW_VESSEL,147.27
2011-06-08,USDA_PNW_VESSEL,142.52
2011-06-15,USDA_PNW_VESSEL,147.27
2011-06-22,USDA_PNW_VESSEL,144.89
2011-06-29,USDA_PNW_VESSEL,137.77
2011-07-06,USDA_PNW_VESSEL,133.02
2011-07-13,USDA_PNW_VESSEL,137.77
2011-07-20,USDA_PNW_VESSEL,130.64
2011-07-27,USDA_PNW_VESSEL,128.27
2011-08-03,USDA_PNW_VESSEL,130.64
2011-08-10,USDA_PNW_VESSEL,128.27
2011-08-17,USDA_PNW_VESSEL,133.02
2011-08-24,USDA_PNW_VESSEL,152.02
2011-08-31,USDA_PNW_VESSEL,161.52
2011-09-07,USDA_PNW_VESSEL,163.9
2011-09-14,USDA_PNW_VESSEL,166.27
2011-09-21,USDA_PNW_VESSEL,163.9
2011-09-28,USDA_PNW_VESSEL,152.02
2011-10-05,USDA_PNW_VESSEL,152.02
2011-10-12,USDA_PNW_VESSEL,161.52
2011-10-19,USDA_PNW_VESSEL,171.02
2011-10-26,USDA_PNW_VESSEL,166.27
2011-11-02,USDA_PNW_VESSEL,161.52
2011-11-09,USDA_PNW_VESSEL,152.02
2011-11-16,USDA_PNW_VESSEL,147.27
2011-11-23,USDA_PNW_VESSEL,152.02
2011-11-30,USDA_PNW_VESSEL,147.27
2011-12-07,USDA_PNW_VESSEL,140.14
2011-12-14,USDA_PNW_VESSEL,140.14
2011-12-21,USDA_PNW_VESSEL,142.52
2011-12-28,USDA_PNW_VESSEL,137.77
2012-01-04,USDA_PNW_VESSEL,140.14
2012-01-11,USDA_PNW_VESSEL,137.77
2012-01-18,USDA_PNW_VESSEL,128.27
2012-01-25,USDA_PNW_VESSEL,128.27
2012-02-01,USDA_PNW_VESSEL,123.52
2012-02-08,USDA_PNW_VESSEL,118.76
2012-02-15,USDA_PNW_VESSEL,137.77
2012-02-22,USDA_PNW_VESSEL,137.77
2012-02-29,USDA_PNW_VESSEL,137.77
2012-03-07,USDA_PNW_VESSEL,142.52
2012-03-14,USDA_PNW_VESSEL,142.52
2012-03-21,USDA_PNW_VESSEL,137.77
2012-03-28,USDA_PNW_VESSEL,140.14
2012-04-04,USDA_PNW_VESSEL,140.14
2012-04-11,USDA_PNW_VESSEL,137.77
2012-04-18,USDA_PNW_VESSEL,140.14
2012-04-25,USDA_PNW_VESSEL,142.52
2012-05-02,USDA_PNW_VESSEL,144.89
2012-05-09,USDA_PNW_VESSEL,137.77
2012-05-16,USDA_PNW_VESSEL,125.89
2012-05-23,USDA_PNW_VESSEL,125.89
2012-05-30,USDA_PNW_VESSEL,121.14
2012-06-06,USDA_PNW_VESSEL,114.01
2012-06-13,USDA_PNW_VESSEL,116.39
2012-06-20,USDA_PNW_VESSEL,128.27
2012-06-27,USDA_PNW_VESSEL,121.14
2012-07-04,USDA_PNW_VESSEL,118.76
2012-07-11,USDA_PNW_VESSEL,128.27
2012-07-18,USDA_PNW_VESSEL,135.39
2012-07-25,USDA_PNW_VESSEL,137.77
2012-08-01,USDA_PNW_VESSEL,133.02
2012-08-08,USDA_PNW_VESSEL,133.02
2012-08-15,USDA_PNW_VESSEL,128.27
2012-08-22,USDA_PNW_VESSEL,128.27
2012-08-29,USDA_PNW_VESSEL,125.89
2012-09-05,USDA_PNW_VESSEL,121.14
2012-09-12,USDA_PNW_VESSEL,114.01
2012-09-19,USDA_PNW_VESSEL,114.01
2012-09-26,USDA_PNW_VESSEL,114.01
2012-10-03,USDA_PNW_VESSEL,114.01
2012-10-10,USDA_PNW_VESSEL,128.27
2012-10-17,USDA_PNW_VESSEL,128.27
2012-10-24,USDA_PNW_VESSEL,133.02
2012-10-31,USDA_PNW_VESSEL,128.27
2012-11-07,USDA_PNW_VESSEL,125.89
2012-11-14,USDA_PNW_VESSEL,123.52
2012-11-21,USDA_PNW_VESSEL,123.52
2012-11-28,USDA_PNW_VESSEL,125.89
2012-12-05,USDA_PNW_VESSEL,123.52
2012-12-12,USDA_PNW_VESSEL,118.76
2012-12-19,USDA_PNW_VESSEL,114.01
2012-12-26,USDA_PNW_VESSEL,114.01
2013-01-02,USDA_PNW_VESSEL,114.01
2013-01-09,USDA_PNW_VESSEL,114.01
2013-01-16,USDA_PNW_VESSEL,128.27
2013-01-23,USDA_PNW_VESSEL,114.01
2013-01-30,USDA_PNW_VESSEL,114.01
2013-02-06,USDA_PNW_VESSEL,114.01
2013-02-13,USDA_PNW_VESSEL,114.01
2013-02-20,USDA_PNW_VESSEL,116.39
2013-02-27,USDA_PNW_VESSEL,118.76
2013-03-06,USDA_PNW_VESSEL,118.76
2013-03-13,USDA_PNW_VESSEL,118.76
2013-03-20,USDA_PNW_VESSEL,118.76
2013-03-27,USDA_PNW_VESSEL,123.52
2013-04-03,USDA_PNW_VESSEL,123.52
2013-04-10,USDA_PNW_VESSEL,118.76
2013-04-17,USDA_PNW_VESSEL,118.76
2013-04-24,USDA_PNW_VESSEL,118.76
2013-05-01,USDA_PNW_VESSEL,116.39
2013-05-08,USDA_PNW_VESSEL,114.01
2013-05-15,USDA_PNW_VESSEL,114.01
2013-05-22,USDA_PNW_VESSEL,111.64
2013-05-29,USDA_PNW_VESSEL,111.64
2013-06-05,USDA_PNW_VESSEL,106.89
2013-06-12,USDA_PNW_VESSEL,106.89
2013-06-19,USDA_PNW_VESSEL,114.01
2013-06-26,USDA_PNW_VESSEL,114.01
2013-07-03,USDA_PNW_VESSEL,114.01
2013-07-10,USDA_PNW_VESSEL,114.01
2013-07-17,USDA_PNW_VESSEL,114.01
2013-07-24,USDA_PNW_VESSEL,117.58
2013-07-31,USDA_PNW_VESSEL,114.01
2013-08-07,USDA_PNW_VESSEL,117.58
2013-08-14,USDA_PNW_VESSEL,114.01
2013-08-21,USDA_PNW_VESSEL,114.01
2013-08-28,USDA_PNW_VESSEL,116.39
2013-09-04,USDA_PNW_VESSEL,118.76
2013-09-11,USDA_PNW_VESSEL,128.27
2013-09-18,USDA_PNW_VESSEL,147.27
2013-09-25,USDA_PNW_VESSEL,152.02
2013-10-02,USDA_PNW_VESSEL,166.27
2013-10-09,USDA_PNW_VESSEL,161.52
2013-10-16,USDA_PNW_VESSEL,156.77
2013-10-23,USDA_PNW_VESSEL,152.02
2013-10-30,USDA_PNW_VESSEL,147.27
2013-11-06,USDA_PNW_VESSEL,144.89
2013-11-13,USDA_PNW_VESSEL,142.52
2013-11-20,USDA_PNW_VESSEL,133.02
2013-11-27,USDA_PNW_VESSEL,133.02
2013-12-04,USDA_PNW_VESSEL,137.77
2013-12-11,USDA_PNW_VESSEL,144.89
2013-12-18,USDA_PNW_VESSEL,149.64
2013-12-25,USDA_PNW_VESSEL,140.14
2014-01-01,USDA_PNW_VESSEL,140.14
2014-01-08,USDA_PNW_VESSEL,140.14
2014-01-15,USDA_PNW_VESSEL,135.39
2014-01-22,USDA_PNW_VESSEL,133.02
2014-01-29,USDA_PNW_VESSEL,133.02
2014-02-05,USDA_PNW_VESSEL,133.02
2014-02-12,USDA_PNW_VESSEL,133.02
2014-02-19,USDA_PNW_VESSEL,128.27
2014-02-26,USDA_PNW_VESSEL,133.02
2014-03-05,USDA_PNW_VESSEL,133.02
2014-03-12,USDA_PNW_VESSEL,133.02
2014-03-19,USDA_PNW_VESSEL,142.52
2014-03-26,USDA_PNW_VESSEL,137.77
2014-04-02,USDA_PNW_VESSEL,133.02
2014-04-09,USDA_PNW_VESSEL,128.27
2014-04-16,USDA_PNW_VESSEL,128.27
2014-04-23,USDA_PNW_VESSEL,125.89
2014-04-30,USDA_PNW_VESSEL,125.89
2014-05-07,USDA_PNW_VESSEL,125.89
2014-05-14,USDA_PNW_VESSEL,123.52
2014-05-21,USDA_PNW_VESSEL,125.89
2014-05-28,USDA_PNW_VESSEL,123.52
2014-06-04,USDA_PNW_VESSEL,118.76
2014-06-11,USDA_PNW_VESSEL,114.01
2014-06-18,USDA_PNW_VESSEL,109.26
2014-06-25,USDA_PNW_VESSEL,109.26
2014-07-02,USDA_PNW_VESSEL,104.51
2014-07-09,USDA_PNW_VESSEL,111.64
2014-07-16,USDA_PNW_VESSEL,114.01
2014-07-23,USDA_PNW_VESSEL,111.64
2014-07-30,USDA_PNW_VESSEL,110.45
2014-08-06,USDA_PNW_VESSEL,109.26
2014-08-13,USDA_PNW_VESSEL,108.08
2014-08-20,USDA_PNW_VESSEL,114.01
2014-08-27,USDA_PNW_VESSEL,116.39
2014-09-03,USDA_PNW_VESSEL,123.52
2014-09-10,USDA_PNW_VESSEL,123.52
2014-09-17,USDA_PNW_VESSEL,123.52
2014-09-24,USDA_PNW_VESSEL,121.14
2014-10-01,USDA_PNW_VESSEL,121.14
2014-10-08,USDA_PNW_VESSEL,116.39
2014-10-15,USDA_PNW_VESSEL,118.76
2014-10-22,USDA_PNW_VESSEL,116.39
2014-10-29,USDA_PNW_VESSEL,116.39
2014-11-05,USDA_PNW_VESSEL,121.14
2014-11-12,USDA_PNW_VESSEL,118.76
2014-11-19,USDA_PNW_VESSEL,116.39
2014-11-26,USDA_PNW_VESSEL,114.01
2014-12-03,USDA_PNW_VESSEL,114.01
2014-12-10,USDA_PNW_VESSEL,109.26
2014-12-17,USDA_PNW_VESSEL,106.89
2014-12-24,USDA_PNW_VESSEL,102.14
2014-12-31,USDA_PNW_VESSEL,102.14
2015-01-07,USDA_PNW_VESSEL,99.76
2015-01-14,USDA_PNW_VESSEL,95.01
2015-01-21,USDA_PNW_VESSEL,92.64
2015-01-28,USDA_PNW_VESSEL,87.89
2015-02-04,USDA_PNW_VESSEL,76.01
2015-02-11,USDA_PNW_VESSEL,76.01
2015-02-18,USDA_PNW_VESSEL,76.01
2015-02-25,USDA_PNW_VESSEL,80.76
2015-03-04,USDA_PNW_VESSEL,80.76
2015-03-11,USDA_PNW_VESSEL,85.51
2015-03-18,USDA_PNW_VESSEL,85.51
2015-03-25,USDA_PNW_VESSEL,85.51
2015-04-01,USDA_PNW_VESSEL,85.51
2015-04-08,USDA_PNW_VESSEL,80.76
2015-04-15,USDA_PNW_VESSEL,80.76
2015-04-22,USDA_PNW_VESSEL,80.76
2015-04-29,USDA_PNW_VESSEL,80.76
2015-05-06,USDA_PNW_VESSEL,80.76
2015-05-13,USDA_PNW_VESSEL,77.2
2015-05-20,USDA_PNW_VESSEL,77.2
2015-05-27,USDA_PNW_VESSEL,78.38
2015-06-03,USDA_PNW_VESSEL,78.38
2015-06-10,USDA_PNW_VESSEL,78.38
2015-06-17,USDA_PNW_VESSEL,81.95
2015-06-24,USDA_PNW_VESSEL,87.89
2015-07-01,USDA_PNW_VESSEL,85.51
2015-07-08,USDA_PNW_VESSEL,85.51
2015-07-15,USDA_PNW_VESSEL,87.89
2015-07-22,USDA_PNW_VESSEL,92.64
2015-07-29,USDA_PNW_VESSEL,90.26
2015-08-05,USDA_PNW_VESSEL,87.89
2015-08-12,USDA_PNW_VESSEL,86.7
2015-08-19,USDA_PNW_VESSEL,89.07
2015-08-26,USDA_PNW_VESSEL,91.45
2015-09-02,USDA_PNW_VESSEL,90.26
2015-09-09,USDA_PNW_VESSEL,90.26
2015-09-16,USDA_PNW_VESSEL,85.51
2015-09-23,USDA_PNW_VESSEL,85.51
2015-09-30,USDA_PNW_VESSEL,84.32
2015-10-07,USDA_PNW_VESSEL,84.32
2015-10-14,USDA_PNW_VESSEL,84.32
2015-10-21,USDA_PNW_VESSEL,84.32
2015-10-28,USDA_PNW_VESSEL,80.76
2015-11-04,USDA_PNW_VESSEL,80.76
2015-11-11,USDA_PNW_VESSEL,80.76
2015-11-18,USDA_PNW_VESSEL,78.38
2015-11-25,USDA_PNW_VESSEL,73.63
2015-12-02,USDA_PNW_VESSEL,0.0
2015-12-09,USDA_PNW_VESSEL,68.88
2015-12-16,USDA_PNW_VESSEL,66.51
2015-12-23,USDA_PNW_VESSEL,66.51
2015-12-30,USDA_PNW_VESSEL,0.0
2016-01-06,USDA_PNW_VESSEL,66.51
2016-01-13,USDA_PNW_VESSEL,66.51
2016-01-20,USDA_PNW_VESSEL,64.13
2016-01-27,USDA_PNW_VESSEL,61.76
2016-02-03,USDA_PNW_VESSEL,59.38
2016-02-10,USDA_PNW_VESSEL,59.38
2016-02-17,USDA_PNW_VESSEL,60.57
2016-02-24,USDA_PNW_VESSEL,61.76
2016-03-02,USDA_PNW_VESSEL,61.76
2016-03-09,USDA_PNW_VESSEL,62.95
2016-03-16,USDA_PNW_VESSEL,66.51
2016-03-23,USDA_PNW_VESSEL,66.51
2016-03-30,USDA_PNW_VESSEL,66.51
2016-04-06,USDA_PNW_VESSEL,66.51
2016-04-13,USDA_PNW_VESSEL,68.88
2016-04-20,USDA_PNW_VESSEL,70.07
2016-04-27,USDA_PNW_VESSEL,71.26
2016-05-04,USDA_PNW_VESSEL,71.26
2016-05-11,USDA_PNW_VESSEL,71.26
2016-05-18,USDA_PNW_VESSEL,73.63
2016-05-25,USDA_PNW_VESSEL,76.01
2016-06-01,USDA_PNW_VESSEL,78.38
2016-06-08,USDA_PNW_VESSEL,77.2
2016-06-15,USDA_PNW_VESSEL,76.01
2016-06-22,USDA_PNW_VESSEL,73.63
2016-06-29,USDA_PNW_VESSEL,76.01
2016-07-06,USDA_PNW_VESSEL,76.01
2016-07-13,USDA_PNW_VESSEL,80.76
2016-07-20,USDA_PNW_VESSEL,83.14
2016-07-27,USDA_PNW_VESSEL,83.14
2016-08-03,USDA_PNW_VESSEL,78.38
2016-08-10,USDA_PNW_VESSEL,76.01
2016-08-17,USDA_PNW_VESSEL,76.01
2016-08-24,USDA_PNW_VESSEL,78.38
2016-08-31,USDA_PNW_VESSEL,78.38
2016-09-07,USDA_PNW_VESSEL,78.38
2016-09-14,USDA_PNW_VESSEL,78.38
2016-09-21,USDA_PNW_VESSEL,77.2
2016-09-28,USDA_PNW_VESSEL,78.38
2016-10-05,USDA_PNW_VESSEL,78.38
2016-10-12,USDA_PNW_VESSEL,77.2
2016-10-19,USDA_PNW_VESSEL,83.14
2016-10-26,USDA_PNW_VESSEL,85.51
2016-11-02,USDA_PNW_VESSEL,85.51
2016-11-09,USDA_PNW_VESSEL,84.32
2016-11-16,USDA_PNW_VESSEL,84.32
2016-11-23,USDA_PNW_VESSEL,95.01
2016-11-30,USDA_PNW_VESSEL,91.45
2016-12-07,USDA_PNW_VESSEL,95.01
2016-12-14,USDA_PNW_VESSEL,95.01
2016-12-21,USDA_PNW_VESSEL,91.45
2016-12-28,USDA_PNW_VESSEL,86.7
2017-01-04,USDA_PNW_VESSEL,86.7
2017-01-11,USDA_PNW_VESSEL,84.32
2017-01-18,USDA_PNW_VESSEL,85.51
2017-01-25,USDA_PNW_VESSEL,85.51
2017-02-01,USDA_PNW_VESSEL,85.51
2017-02-08,USDA_PNW_VESSEL,84.32
2017-02-15,USDA_PNW_VESSEL,86.7
2017-02-22,USDA_PNW_VESSEL,87.89
2017-03-01,USDA_PNW_VESSEL,90.26
2017-03-08,USDA_PNW_VESSEL,93.82
2017-03-15,USDA_PNW_VESSEL,100.95
2017-03-22,USDA_PNW_VESSEL,99.76
2017-03-29,USDA_PNW_VESSEL,97.39
2017-04-05,USDA_PNW_VESSEL,100.95
2017-04-12,USDA_PNW_VESSEL,99.76
2017-04-19,USDA_PNW_VESSEL,105.7
2017-04-26,USDA_PNW_VESSEL,104.51
2017-05-03,USDA_PNW_VESSEL,99.76
2017-05-10,USDA_PNW_VESSEL,96.2
2017-05-17,USDA_PNW_VESSEL,93.82
2017-05-24,USDA_PNW_VESSEL,92.64
2017-05-31,USDA_PNW_VESSEL,90.26
2017-06-07,USDA_PNW_VESSEL,87.89
2017-06-14,USDA_PNW_VESSEL,85.51
2017-06-21,USDA_PNW_VESSEL,87.89
2017-06-28,USDA_PNW_VESSEL,90.26
2017-07-05,USDA_PNW_VESSEL,90.26
2017-07-12,USDA_PNW_VESSEL,90.26
2017-07-19,USDA_PNW_VESSEL,91.45
2017-07-26,USDA_PNW_VESSEL,93.82
2017-08-02,USDA_PNW_VESSEL,91.45
2017-08-09,USDA_PNW_VESSEL,90.26
2017-08-16,USDA_PNW_VESSEL,90.26
2017-08-23,USDA_PNW_VESSEL,95.01
2017-08-30,USDA_PNW_VESSEL,97.39
2017-09-06,USDA_PNW_VESSEL,95.01
2017-09-13,USDA_PNW_VESSEL,102.14
2017-09-20,USDA_PNW_VESSEL,111.64
2017-09-27,USDA_PNW_VESSEL,114.01
2017-10-04,USDA_PNW_VESSEL,111.64
2017-10-11,USDA_PNW_VESSEL,109.26
2017-10-18,USDA_PNW_VESSEL,114.01
2017-10-25,USDA_PNW_VESSEL,121.14
2017-11-01,USDA_PNW_VESSEL,117.58
2017-11-08,USDA_PNW_VESSEL,116.39
2017-11-15,USDA_PNW_VESSEL,116.39
2017-11-22,USDA_PNW_VESSEL,114.01
2017-12-06,USDA_PNW_VESSEL,117.58
2017-12-13,USDA_PNW_VESSEL,117.58
2017-12-20,USDA_PNW_VESSEL,119.95
2017-12-27,USDA_PNW_VESSEL,117.58
2018-01-10,USDA_PNW_VESSEL,114.01
2018-01-17,USDA_PNW_VESSEL,116.39
2018-01-24,USDA_PNW_VESSEL,116.39
2018-01-31,USDA_PNW_VESSEL,118.76
2018-02-07,USDA_PNW_VESSEL,116.39
2018-02-14,USDA_PNW_VESSEL,110.45
2018-02-21,USDA_PNW_VESSEL,110.45
2018-02-28,USDA_PNW_VESSEL,112.83
2018-03-07,USDA_PNW_VESSEL,114.01
2018-03-14,USDA_PNW_VESSEL,114.01
2018-03-21,USDA_PNW_VESSEL,116.39
2018-03-28,USDA_PNW_VESSEL,116.39
2018-04-04,USDA_PNW_VESSEL,116.39
2018-04-11,USDA_PNW_VESSEL,115.2
2018-04-18,USDA_PNW_VESSEL,115.2
2018-04-25,USDA_PNW_VESSEL,114.01
2018-05-02,USDA_PNW_VESSEL,114.01
2018-05-09,USDA_PNW_VESSEL,114.01
2018-05-16,USDA_PNW_VESSEL,116.39
2018-05-23,USDA_PNW_VESSEL,116.39
2018-05-30,USDA_PNW_VESSEL,115.2
2018-06-06,USDA_PNW_VESSEL,115.2
2018-06-13,USDA_PNW_VESSEL,116.39
2018-06-20,USDA_PNW_VESSEL,118.76
2018-06-27,USDA_PNW_VESSEL,117.58
2018-07-04,USDA_PNW_VESSEL,116.39
2018-07-11,USDA_PNW_VESSEL,117.58
2018-07-18,USDA_PNW_VESSEL,117.58
2018-07-25,USDA_PNW_VESSEL,117.58
2018-08-01,USDA_PNW_VESSEL,117.58
2018-08-08,USDA_PNW_VESSEL,115.2
2018-08-15,USDA_PNW_VESSEL,115.2
2018-08-22,USDA_PNW_VESSEL,117.58
2018-08-29,USDA_PNW_VESSEL,118.76
2018-09-05,USDA_PNW_VESSEL,118.76
2018-09-12,USDA_PNW_VESSEL,118.76
2018-09-19,USDA_PNW_VESSEL,118.76
2018-09-26,USDA_PNW_VESSEL,121.14
2018-10-03,USDA_PNW_VESSEL,125.89
2018-10-10,USDA_PNW_VESSEL,127.08
2018-10-17,USDA_PNW_VESSEL,131.83
2018-10-24,USDA_PNW_VESSEL,131.83
2018-10-31,USDA_PNW_VESSEL,130.64
2018-11-07,USDA_PNW_VESSEL,129.45
2018-11-14,USDA_PNW_VESSEL,128.27
2018-11-21,USDA_PNW_VESSEL,127.08
2018-11-28,USDA_PNW_VESSEL,0.0
2018-12-05,USDA_PNW_VESSEL,124.7
2018-12-12,USDA_PNW_VESSEL,123.52
2018-12-19,USDA_PNW_VESSEL,122.33
2018-12-26,USDA_PNW_VESSEL,122.33
2019-01-02,USDA_PNW_VESSEL,0.0
2019-01-09,USDA_PNW_VESSEL,118.76
2019-01-16,USDA_PNW_VESSEL,114.01
2019-01-23,USDA_PNW_VESSEL,111.64
2019-01-30,USDA_PNW_VESSEL,109.26
2019-02-06,USDA_PNW_VESSEL,104.51
2019-02-13,USDA_PNW_VESSEL,102.14
2019-02-20,USDA_PNW_VESSEL,104.51
2019-02-27,USDA_PNW_VESSEL,105.7
2019-03-06,USDA_PNW_VESSEL,108.08
2019-03-13,USDA_PNW_VESSEL,109.26
2019-03-20,USDA_PNW_VESSEL,109.26
2019-03-27,USDA_PNW_VESSEL,111.64
2019-04-03,USDA_PNW_VESSEL,112.83
2019-04-10,USDA_PNW_VESSEL,112.83
2019-04-17,USDA_PNW_VESSEL,111.64
2019-04-24,USDA_PNW_VESSEL,109.26
2019-05-01,USDA_PNW_VESSEL,109.26
2019-05-08,USDA_PNW_VESSEL,109.26
2019-05-15,USDA_PNW_VESSEL,109.26
2019-05-22,USDA_PNW_VESSEL,111.64
2019-05-29,USDA_PNW_VESSEL,114.01
2019-06-05,USDA_PNW_VESSEL,115.2
2019-06-12,USDA_PNW_VESSEL,114.01
2019-06-19,USDA_PNW_VESSEL,112.83
2019-06-26,USDA_PNW_VESSEL,112.83
2019-07-03,USDA_PNW_VESSEL,112.83
2019-07-10,USDA_PNW_VESSEL,115.2
2019-07-17,USDA_PNW_VESSEL,121.14
2019-07-24,USDA_PNW_VESSEL,128.27
2019-07-31,USDA_PNW_VESSEL,133.02
2019-08-07,USDA_PNW_VESSEL,130.64
2019-08-14,USDA_PNW_VESSEL,128.27
2019-08-21,USDA_PNW_VESSEL,131.83
2019-08-28,USDA_PNW_VESSEL,135.39
2019-09-04,USDA_PNW_VESSEL,138.95
2019-09-11,USDA_PNW_VESSEL,142.52
2019-09-18,USDA_PNW_VESSEL,141.33
2019-09-25,USDA_PNW_VESSEL,140.14
2019-10-02,USDA_PNW_VESSEL,136.58
2019-10-09,USDA_PNW_VESSEL,135.39
2019-10-16,USDA_PNW_VESSEL,135.39
2019-10-23,USDA_PNW_VESSEL,135.39
2019-10-30,USDA_PNW_VESSEL,133.02
2019-11-06,USDA_PNW_VESSEL,128.27
2019-11-13,USDA_PNW_VESSEL,124.7
2019-11-20,USDA_PNW_VESSEL,117.58
2019-11-27,USDA_PNW_VESSEL,117.58
2019-12-11,USDA_PNW_VESSEL,119.95
2019-12-18,USDA_PNW_VESSEL,122.33
2019-12-25,USDA_PNW_VESSEL,121.14
2020-01-08,USDA_PNW_VESSEL,118.76
2020-01-15,USDA_PNW_VESSEL,115.2
2020-01-22,USDA_PNW_VESSEL,117.58
2020-01-29,USDA_PNW_VESSEL,117.58
2020-02-05,USDA_PNW_VESSEL,115.2
2020-02-12,USDA_PNW_VESSEL,104.51
2020-02-19,USDA_PNW_VESSEL,105.7
2020-02-26,USDA_PNW_VESSEL,108.08
2020-03-04,USDA_PNW_VESSEL,111.64
2020-03-11,USDA_PNW_VESSEL,112.83
2020-03-18,USDA_PNW_VESSEL,110.45
2020-03-25,USDA_PNW_VESSEL,100.95
2020-04-01,USDA_PNW_VESSEL,95.01
2020-04-08,USDA_PNW_VESSEL,93.82
2020-04-15,USDA_PNW_VESSEL,93.82
2020-04-22,USDA_PNW_VESSEL,93.82
2020-04-29,USDA_PNW_VESSEL,91.45
2020-05-06,USDA_PNW_VESSEL,89.07
2020-05-13,USDA_PNW_VESSEL,86.7
2020-05-20,USDA_PNW_VESSEL,84.32
2020-05-27,USDA_PNW_VESSEL,84.32
2020-06-03,USDA_PNW_VESSEL,85.51
2020-06-10,USDA_PNW_VESSEL,87.89
2020-06-17,USDA_PNW_VESSEL,89.07
2020-06-24,USDA_PNW_VESSEL,95.01
2020-07-01,USDA_PNW_VESSEL,97.39
2020-07-08,USDA_PNW_VESSEL,97.39
2020-07-15,USDA_PNW_VESSEL,99.76
2020-07-22,USDA_PNW_VESSEL,102.14
2020-07-29,USDA_PNW_VESSEL,98.57
2020-08-05,USDA_PNW_VESSEL,103.33
2020-08-12,USDA_PNW_VESSEL,108.08
2020-08-19,USDA_PNW_VESSEL,115.2
2020-08-26,USDA_PNW_VESSEL,115.2
2020-09-02,USDA_PNW_VESSEL,117.58
2020-09-09,USDA_PNW_VESSEL,117.58
2020-09-16,USDA_PNW_VESSEL,114.01
2020-09-23,USDA_PNW_VESSEL,112.83
2020-09-30,USDA_PNW_VESSEL,112.83
2020-10-07,USDA_PNW_VESSEL,112.83
2020-10-14,USDA_PNW_VESSEL,112.83
2020-10-21,USDA_PNW_VESSEL,112.83
2020-10-28,USDA_PNW_VESSEL,112.83
2020-11-04,USDA_PNW_VESSEL,111.64
2020-11-11,USDA_PNW_VESSEL,110.45
2020-11-18,USDA_PNW_VESSEL,108.08
2020-11-25,USDA_PNW_VESSEL,109.26
2020-12-09,USDA_PNW_VESSEL,110.45
2020-12-16,USDA_PNW_VESSEL,110.45
2020-12-23,USDA_PNW_VESSEL,112.83
2021-01-06,USDA_PNW_VESSEL,112.83
2021-01-13,USDA_PNW_VESSEL,116.39
2021-01-20,USDA_PNW_VESSEL,125.89
2021-01-27,USDA_PNW_VESSEL,125.89
2021-02-03,USDA_PNW_VESSEL,127.08
2021-02-10,USDA_PNW_VESSEL,127.08
2021-02-17,USDA_PNW_VESSEL,128.27
2021-02-24,USDA_PNW_VESSEL,153.21
2021-03-03,USDA_PNW_VESSEL,153.21
2021-03-10,USDA_PNW_VESSEL,153.21
2021-03-17,USDA_PNW_VESSEL,154.39
2021-03-24,USDA_PNW_VESSEL,166.27
2021-03-31,USDA_PNW_VESSEL,171.02
2021-04-07,USDA_PNW_VESSEL,171.02
2021-04-14,USDA_PNW_VESSEL,168.65
2021-04-21,USDA_PNW_VESSEL,161.52
2021-04-28,USDA_PNW_VESSEL,173.4
2021-05-05,USDA_PNW_VESSEL,173.4
2021-05-12,USDA_PNW_VESSEL,180.52
2021-05-19,USDA_PNW_VESSEL,187.65
2021-05-26,USDA_PNW_VESSEL,182.9
2021-06-02,USDA_PNW_VESSEL,182.9
2021-06-09,USDA_PNW_VESSEL,181.71
2021-06-16,USDA_PNW_VESSEL,185.27
2021-06-23,USDA_PNW_VESSEL,201.9
2021-06-30,USDA_PNW_VESSEL,204.28
2021-07-07,USDA_PNW_VESSEL,218.53
2021-07-14,USDA_PNW_VESSEL,219.71
2021-07-21,USDA_PNW_VESSEL,213.78
2021-07-28,USDA_PNW_VESSEL,209.03
2021-08-04,USDA_PNW_VESSEL,204.28
2021-08-11,USDA_PNW_VESSEL,204.28
2021-08-18,USDA_PNW_VESSEL,204.28
2021-08-25,USDA_PNW_VESSEL,209.03
2021-09-01,USDA_PNW_VESSEL,211.4
2021-09-08,USDA_PNW_VESSEL,212.59
2021-09-15,USDA_PNW_VESSEL,210.21
2021-09-22,USDA_PNW_VESSEL,213.78
2021-09-29,USDA_PNW_VESSEL,216.15
2021-10-06,USDA_PNW_VESSEL,220.9
2021-10-13,USDA_PNW_VESSEL,220.9
2021-10-20,USDA_PNW_VESSEL,223.28
2021-10-27,USDA_PNW_VESSEL,237.53
2021-11-03,USDA_PNW_VESSEL,232.78
2021-11-10,USDA_PNW_VESSEL,214.96
2021-11-17,USDA_PNW_VESSEL,199.52
2021-11-24,USDA_PNW_VESSEL,178.15
2021-12-08,USDA_PNW_VESSEL,178.15
2021-12-15,USDA_PNW_VESSEL,185.27
2021-12-22,USDA_PNW_VESSEL,176.96
2022-01-05,USDA_PNW_VESSEL,176.96
2022-01-12,USDA_PNW_VESSEL,184.09
2022-01-19,USDA_PNW_VESSEL,178.15
2022-01-26,USDA_PNW_VESSEL,166.27
2022-02-02,USDA_PNW_VESSEL,163.9
2022-02-09,USDA_PNW_VESSEL,161.52
2022-02-16,USDA_PNW_VESSEL,171.02
2022-02-23,USDA_PNW_VESSEL,172.21
2022-03-02,USDA_PNW_VESSEL,181.71
2022-03-09,USDA_PNW_VESSEL,186.46
2022-03-16,USDA_PNW_VESSEL,210.21
2022-03-23,USDA_PNW_VESSEL,203.09
2022-03-30,USDA_PNW_VESSEL,209.03
2022-04-06,USDA_PNW_VESSEL,209.03
2022-04-13,USDA_PNW_VESSEL,207.84
2022-04-20,USDA_PNW_VESSEL,210.21
2022-04-27,USDA_PNW_VESSEL,212.59
2022-05-04,USDA_PNW_VESSEL,210.21
2022-05-11,USDA_PNW_VESSEL,211.4
2022-05-18,USDA_PNW_VESSEL,220.9
2022-05-25,USDA_PNW_VESSEL,223.28
2022-06-01,USDA_PNW_VESSEL,223.28
2022-06-08,USDA_PNW_VESSEL,218.53
2022-06-15,USDA_PNW_VESSEL,214.96
2022-06-22,USDA_PNW_VESSEL,214.96
2022-06-29,USDA_PNW_VESSEL,213.78
2022-07-06,USDA_PNW_VESSEL,209.03
2022-07-13,USDA_PNW_VESSEL,205.46
2022-07-20,USDA_PNW_VESSEL,194.77
2022-07-27,USDA_PNW_VESSEL,192.4
2022-08-03,USDA_PNW_VESSEL,192.4
2022-08-10,USDA_PNW_VESSEL,187.65
2022-08-17,USDA_PNW_VESSEL,180.52
2022-08-24,USDA_PNW_VESSEL,173.4
2022-08-31,USDA_PNW_VESSEL,168.65
2022-09-07,USDA_PNW_VESSEL,159.14
2022-09-14,USDA_PNW_VESSEL,159.14
2022-09-21,USDA_PNW_VESSEL,173.4
2022-09-28,USDA_PNW_VESSEL,171.02
2022-10-05,USDA_PNW_VESSEL,171.02
2022-10-12,USDA_PNW_VESSEL,171.02
2022-10-19,USDA_PNW_VESSEL,175.77
2022-10-26,USDA_PNW_VESSEL,175.77
2022-11-02,USDA_PNW_VESSEL,168.65
2022-11-09,USDA_PNW_VESSEL,161.52
2022-11-16,USDA_PNW_VESSEL,161.52
2022-11-23,USDA_PNW_VESSEL,157.96
2022-12-07,USDA_PNW_VESSEL,153.21
2022-12-14,USDA_PNW_VESSEL,152.02
2022-12-21,USDA_PNW_VESSEL,152.02
2023-01-04,USDA_PNW_VESSEL,149.64
2023-01-11,USDA_PNW_VESSEL,144.89
2023-01-18,USDA_PNW_VESSEL,134.2
2023-01-25,USDA_PNW_VESSEL,134.2
2023-02-01,USDA_PNW_VESSEL,134.2
2023-02-08,USDA_PNW_VESSEL,134.2
2023-02-15,USDA_PNW_VESSEL,130.64
2023-02-22,USDA_PNW_VESSEL,123.52
2023-03-01,USDA_PNW_VESSEL,125.89
2023-03-08,USDA_PNW_VESSEL,137.77
2023-03-15,USDA_PNW_VESSEL,140.14
2023-03-22,USDA_PNW_VESSEL,144.89
2023-03-29,USDA_PNW_VESSEL,137.77
2023-04-05,USDA_PNW_VESSEL,137.77
2023-04-12,USDA_PNW_VESSEL,142.52
2023-04-19,USDA_PNW_VESSEL,142.52
2023-04-26,USDA_PNW_VESSEL,142.52
2023-05-03,USDA_PNW_VESSEL,142.52
2023-05-10,USDA_PNW_VESSEL,142.52
2023-05-17,USDA_PNW_VESSEL,135.39
2023-05-24,USDA_PNW_VESSEL,134.2
2023-05-31,USDA_PNW_VESSEL,130.64
2023-06-07,USDA_PNW_VESSEL,125.89
2023-06-14,USDA_PNW_VESSEL,125.89
2023-06-21,USDA_PNW_VESSEL,128.27
2023-06-28,USDA_PNW_VESSEL,125.89
2023-07-05,USDA_PNW_VESSEL,123.52
2023-07-12,USDA_PNW_VESSEL,121.14
2023-07-19,USDA_PNW_VESSEL,122.33
2023-07-26,USDA_PNW_VESSEL,121.14
2023-08-02,USDA_PNW_VESSEL,118.76
2023-08-09,USDA_PNW_VESSEL,123.52
2023-08-16,USDA_PNW_VESSEL,123.52
2023-08-23,USDA_PNW_VESSEL,130.64
2023-08-30,USDA_PNW_VESSEL,130.64
2023-09-06,USDA_PNW_VESSEL,135.39
2023-09-13,USDA_PNW_VESSEL,137.77
2023-09-20,USDA_PNW_VESSEL,137.77
2023-09-27,USDA_PNW_VESSEL,144.89
2023-10-04,USDA_PNW_VESSEL,144.89
2023-10-11,USDA_PNW_VESSEL,144.89
2023-10-18,USDA_PNW_VESSEL,142.52
2023-10-25,USDA_PNW_VESSEL,141.33
2023-11-01,USDA_PNW_VESSEL,140.14
2023-11-08,USDA_PNW_VESSEL,136.58
2023-11-15,USDA_PNW_VESSEL,137.77
2023-11-22,USDA_PNW_VESSEL,140.14
2023-12-06,USDA_PNW_VESSEL,154.39
2023-12-13,USDA_PNW_VESSEL,156.77
2023-12-20,USDA_PNW_VESSEL,150.83
2024-01-03,USDA_PNW_VESSEL,150.83
2024-01-10,USDA_PNW_VESSEL,150.83
2024-01-17,USDA_PNW_VESSEL,144.89
2024-01-24,USDA_PNW_VESSEL,144.89
2024-01-31,USDA_PNW_VESSEL,149.64
2024-02-07,USDA_PNW_VESSEL,149.64
2024-02-14,USDA_PNW_VESSEL,147.27
2024-02-21,USDA_PNW_VESSEL,147.27
2024-02-28,USDA_PNW_VESSEL,152.02
2024-03-06,USDA_PNW_VESSEL,152.02
2024-03-13,USDA_PNW_VESSEL,156.77
2024-03-20,USDA_PNW_VESSEL,159.14
2024-03-27,USDA_PNW_VESSEL,160.33
2024-04-03,USDA_PNW_VESSEL,156.77
2024-04-10,USDA_PNW_VESSEL,155.58
2024-04-17,USDA_PNW_VESSEL,148.46
2024-04-24,USDA_PNW_VESSEL,157.96
2024-05-01,USDA_PNW_VESSEL,157.96
2024-05-08,USDA_PNW_VESSEL,157.96
2024-05-15,USDA_PNW_VESSEL,161.52
2024-05-22,USDA_PNW_VESSEL,156.77
2024-05-29,USDA_PNW_VESSEL,156.77
2024-06-05,USDA_PNW_VESSEL,153.21
2024-06-12,USDA_PNW_VESSEL,152.02
2024-06-19,USDA_PNW_VESSEL,154.39
2024-06-26,USDA_PNW_VESSEL,154.39
2024-07-03,USDA_PNW_VESSEL,152.02
2024-07-10,USDA_PNW_VESSEL,150.83
2024-07-17,USDA_PNW_VESSEL,149.64
2024-07-24,USDA_PNW_VESSEL,150.83
2024-07-31,USDA_PNW_VESSEL,150.83
2024-08-07,USDA_PNW_VESSEL,150.83
2024-08-14,USDA_PNW_VESSEL,148.46
2024-08-21,USDA_PNW_VESSEL,147.27
2024-08-28,USDA_PNW_VESSEL,144.89
2024-09-04,USDA_PNW_VESSEL,142.52
2024-09-11,USDA_PNW_VESSEL,142.52
2024-09-18,USDA_PNW_VESSEL,140.14
2024-09-25,USDA_PNW_VESSEL,144.89
2024-10-02,USDA_PNW_VESSEL,144.89
2024-10-09,USDA_PNW_VESSEL,143.71
2024-10-16,USDA_PNW_VESSEL,143.71
2024-10-23,USDA_PNW_VESSEL,142.52
2024-10-30,USDA_PNW_VESSEL,142.52
2024-11-06,USDA_PNW_VESSEL,141.33
2024-11-13,USDA_PNW_VESSEL,140.14
2024-11-20,USDA_PNW_VESSEL,140.14
2024-11-27,USDA_PNW_VESSEL,136.58
2024-12-11,USDA_PNW_VESSEL,131.83
2024-12-18,USDA_PNW_VESSEL,131.83
2024-12-25,USDA_PNW_VESSEL,129.45
2025-01-08,USDA_PNW_VESSEL,125.89
2025-01-15,USDA_PNW_VESSEL,123.52
2025-01-22,USDA_PNW_VESSEL,124.7
2025-01-29,USDA_PNW_VESSEL,124.7
2025-02-05,USDA_PNW_VESSEL,122.33
2025-02-12,USDA_PNW_VESSEL,127.08
2025-02-19,USDA_PNW_VESSEL,128.27
2025-02-26,USDA_PNW_VESSEL,129.45
2025-03-05,USDA_PNW_VESSEL,130.64
2025-03-12,USDA_PNW_VESSEL,128.27
2025-03-19,USDA_PNW_VESSEL,128.27
2025-03-26,USDA_PNW_VESSEL,130.64
2025-04-02,USDA_PNW_VESSEL,133.02
2025-04-09,USDA_PNW_VESSEL,135.39
2025-04-16,USDA_PNW_VESSEL,128.27
2025-04-23,USDA_PNW_VESSEL,127.08
2025-04-30,USDA_PNW_VESSEL,128.27
2025-05-07,USDA_PNW_VESSEL,129.45
2025-05-14,USDA_PNW_VESSEL,129.45
2025-05-21,USDA_PNW_VESSEL,128.27
2025-05-28,USDA_PNW_VESSEL,128.27
2025-06-04,USDA_PNW_VESSEL,127.08
2025-06-11,USDA_PNW_VESSEL,125.89
2025-06-18,USDA_PNW_VESSEL,128.27
2025-06-25,USDA_PNW_VESSEL,129.45
2025-07-02,USDA_PNW_VESSEL,129.45
2025-07-09,USDA_PNW_VESSEL,133.02
2025-07-16,USDA_PNW_VESSEL,134.2
2025-07-23,USDA_PNW_VESSEL,140.14
2025-07-30,USDA_PNW_VESSEL,140.14
2025-08-06,USDA_PNW_VESSEL,136.58
2025-08-13,USDA_PNW_VESSEL,136.58
2025-08-20,USDA_PNW_VESSEL,136.58
2025-08-27,USDA_PNW_VESSEL,135.39
2025-09-03,USDA_PNW_VESSEL,138.95
2025-09-10,USDA_PNW_VESSEL,138.95
2025-09-17,USDA_PNW_VESSEL,141.33
2025-09-24,USDA_PNW_VESSEL,141.33
2025-10-01,USDA_PNW_VESSEL,141.33
2025-10-08,USDA_PNW_VESSEL,140.14
2025-10-15,USDA_PNW_VESSEL,138.95
2025-10-22,USDA_PNW_VESSEL,141.33
2025-10-29,USDA_PNW_VESSEL,142.52
2025-11-05,USDA_PNW_VESSEL,141.33
2025-11-12,USDA_PNW_VESSEL,135.39
2025-11-19,USDA_PNW_VESSEL,138.95
2025-11-26,USDA_PNW_VESSEL,141.33
2025-12-10,USDA_PNW_VESSEL,141.33
2025-12-17,USDA_PNW_VESSEL,140.14
2025-12-24,USDA_PNW_VESSEL,133.02
2026-01-07,USDA_PNW_VESSEL,125.89
2026-01-14,USDA_PNW_VESSEL,130.64
2026-01-21,USDA_PNW_VESSEL,130.64
2026-01-28,USDA_PNW_VESSEL,135.39
2026-02-04,USDA_PNW_VESSEL,137.77
2026-02-11,USDA_PNW_VESSEL,142.52
2026-02-18,USDA_PNW_VESSEL,143.71
2026-02-25,USDA_PNW_VESSEL,144.89
2026-03-04,USDA_PNW_VESSEL,148.46
2026-03-11,USDA_PNW_VESSEL,156.77
2026-03-18,USDA_PNW_VESSEL,160.33
2026-03-25,USDA_PNW_VESSEL,162.71
2026-04-01,USDA_PNW_VESSEL,161.52
2026-04-08,USDA_PNW_VESSEL,161.52
2026-04-15,USDA_PNW_VESSEL,165.08
2026-04-22,USDA_PNW_VESSEL,168.65
2026-04-29,USDA_PNW_VESSEL,166.27
2026-05-06,USDA_PNW_VESSEL,169.83
2026-05-13,USDA_PNW_VESSEL,172.21
2026-05-20,USDA_PNW_VESSEL,176.96
2026-05-27,USDA_PNW_VESSEL,176.96
2026-06-03,USDA_PNW_VESSEL,176.96
2026-06-10,USDA_PNW_VESSEL,176.96
2026-06-17,USDA_PNW_VESSEL,175.77
2026-06-24,USDA_PNW_VESSEL,174.58
2026-07-01,USDA_PNW_VESSEL,171.02
2026-07-08,USDA_PNW_VESSEL,169.83
2026-07-15,USDA_PNW_VESSEL,166.27
2026-07-22,USDA_PNW_VESSEL,173.4
2026-07-29,USDA_PNW_VESSEL,172.21
2026-08-05,USDA_PNW_VESSEL,172.21
2026-08-12,USDA_PNW_VESSEL,174.58
2026-08-19,USDA_PNW_VESSEL,173.4
2026-08-26,USDA_PNW_VESSEL,174.58
2026-09-02,USDA_PNW_VESSEL,175.77
2026-09-09,USDA_PNW_VESSEL,178.15
